customer_id,customer_age,job_type,marital,education,default,balance,housing_loan,personal_loan,communication_type,last_contact_duration,num_contacts_in_campaign,num_contacts_prev_campaign,prev_campaign_outcome,term_deposit_subscribed
id_5803,51.0,management,single,tertiary,no,102128.0,no,no,cellular,872,1.0,0,unknown,1.0
id_39278,86.0,retired,married,secondary,no,81208.0,no,no,telephone,935,1.0,3,success,1.0
id_15464,53.0,entrepreneur,married,tertiary,no,51440.0,no,yes,cellular,837,1.0,0,unknown,1.0
id_36545,59.0,unemployed,divorced,secondary,no,44129.0,no,no,cellular,992,1.0,0,unknown,1.0
id_28943,56.0,retired,married,tertiary,no,41237.0,no,no,cellular,701,1.0,0,unknown,1.0
id_9386,34.0,unemployed,married,tertiary,no,39385.0,no,no,cellular,752,1.0,0,unknown,1.0
id_43498,31.0,management,single,tertiary,no,38275.0,no,no,cellular,829,2.0,0,unknown,1.0
id_12988,50.0,entrepreneur,married,tertiary,no,36938.0,yes,no,cellular,701,1.0,0,unknown,1.0
id_6900,75.0,retired,divorced,primary,no,29083.0,no,no,cellular,845,5.0,4,other,1.0
id_38900,39.0,management,married,tertiary,no,27695.0,no,no,cellular,894,2.0,5,success,1.0
id_225,33.0,housemaid,single,primary,no,26968.0,no,no,cellular,915,2.0,0,unknown,1.0
id_13262,40.0,technician,divorced,tertiary,no,24056.0,no,yes,unknown,855,1.0,0,unknown,1.0
id_9279,33.0,technician,single,tertiary,no,23914.0,no,no,cellular,802,2.0,0,unknown,1.0
id_8812,23.0,student,single,secondary,no,23882.0,no,no,cellular,880,1.0,1,success,1.0
id_31790,32.0,technician,married,secondary,no,23879.0,no,no,cellular,796,2.0,0,unknown,1.0
id_42838,40.575475409836066,management,married,tertiary,no,22447.0,yes,no,cellular,702,1.0,0,unknown,1.0
id_15290,58.0,unknown,married,unknown,no,19270.0,no,no,unknown,730,1.0,0,unknown,1.0
id_21844,29.0,technician,single,tertiary,no,18253.0,no,no,cellular,895,2.0,0,unknown,1.0
id_44474,51.0,management,married,tertiary,no,17007.0,no,no,cellular,703,2.0,0,unknown,1.0
id_21153,40.575475409836066,housemaid,married,secondary,no,16360.0,no,no,telephone,703,1.0,0,unknown,1.0
id_10136,56.0,entrepreneur,married,tertiary,no,16125.0,no,no,telephone,701,1.0,0,unknown,1.0
id_42305,55.0,management,married,tertiary,no,15516.0,no,no,cellular,704,1.0,0,unknown,1.0
id_33519,43.0,technician,married,tertiary,no,15443.0,no,no,cellular,872,2.0,0,unknown,1.0
id_17767,47.0,admin.,married,secondary,no,14442.0,yes,no,cellular,701,1.0,0,unknown,1.0
id_18558,59.0,retired,married,secondary,no,14413.0,no,no,cellular,704,1.0,0,unknown,1.0
id_10489,31.0,services,married,secondary,no,14384.0,yes,no,cellular,702,1.0,0,unknown,1.0
id_23238,56.0,management,married,tertiary,no,14343.0,yes,no,cellular,990,1.0,0,unknown,1.0
id_10491,50.0,admin.,divorced,secondary,no,14219.0,no,no,cellular,801,2.0,0,unknown,1.0
id_39534,26.0,technician,single,tertiary,no,14054.0,no,no,cellular,822,1.0,0,unknown,1.0
id_13133,37.0,entrepreneur,married,primary,no,13929.0,yes,no,cellular,820,2.0,0,unknown,1.0
id_44226,46.0,unemployed,married,secondary,no,13818.0,no,no,cellular,701,1.0,2,failure,1.0
id_41299,27.0,blue-collar,single,secondary,no,13658.0,yes,yes,cellular,920,1.0,0,unknown,1.0
id_37540,44.0,blue-collar,married,unknown,no,13267.0,no,no,cellular,815,2.0,0,unknown,1.0
id_31711,46.0,admin.,married,secondary,no,13232.0,no,yes,telephone,837,2.0,0,unknown,1.0
id_23113,63.0,retired,married,secondary,no,13161.0,no,no,cellular,844,1.0,0,unknown,1.0
id_42166,27.0,student,single,tertiary,no,13109.0,yes,no,cellular,930,1.0,2,failure,1.0
id_41384,42.0,management,married,secondary,no,13052.0,yes,no,cellular,895,2.0,12,other,1.0
id_37455,32.0,management,single,tertiary,no,13015.0,no,no,cellular,983,1.0,1,success,1.0
id_27709,47.0,services,married,unknown,no,12841.0,yes,no,cellular,899,1.0,4,failure,1.0
id_8870,32.0,entrepreneur,married,secondary,no,12734.0,no,yes,cellular,703,2.0,0,unknown,1.0
id_6733,33.0,blue-collar,single,primary,no,12195.0,yes,no,cellular,888,1.0,0,unknown,1.0
id_25011,36.0,self-employed,married,tertiary,no,12133.0,no,no,telephone,701,1.0,0,unknown,1.0
id_28605,57.0,housemaid,married,primary,no,11906.0,no,no,telephone,839,3.0,0,unknown,1.0
id_31709,42.0,management,single,tertiary,no,11888.0,no,no,cellular,930,1.0,0,unknown,1.0
id_5414,38.0,technician,married,tertiary,no,11763.0,yes,no,cellular,703,1.0,0,unknown,1.0
id_3579,44.0,management,married,tertiary,no,11754.0,no,no,cellular,807,2.0,0,unknown,1.0
id_23594,40.575475409836066,services,married,secondary,no,11653.0,yes,no,telephone,816,1.0,0,unknown,1.0
id_43641,33.0,entrepreneur,married,tertiary,no,11589.0,yes,no,cellular,704,1.0,0,unknown,1.0
id_7903,28.0,student,single,secondary,no,11553.0,no,no,cellular,928,2.0,0,unknown,1.0
id_0,54.0,self-employed,married,secondary,no,11494.0,no,no,cellular,703,1.0,0,unknown,1.0
id_14823,30.0,management,married,secondary,no,11393.0,yes,no,cellular,702,1.0,2,other,1.0
id_43551,39.0,management,married,tertiary,no,11390.0,yes,no,cellular,701,1.0,0,unknown,1.0
id_37436,37.0,self-employed,married,tertiary,no,11383.0,no,no,cellular,921,1.0,0,unknown,1.0
id_29053,33.0,housemaid,married,tertiary,no,11216.0,no,no,cellular,802,2.0,1,failure,1.0
id_20551,58.0,blue-collar,married,primary,no,11066.0,no,no,telephone,922,6.0,0,unknown,1.0
id_26620,23.0,student,single,unknown,no,10790.0,no,no,cellular,669,2.0,2,other,1.0
id_40018,48.0,entrepreneur,married,primary,no,10775.0,no,no,cellular,806,2.0,0,unknown,1.0
id_32704,52.0,retired,single,secondary,no,10620.0,no,no,cellular,815,2.0,0,unknown,1.0
id_16211,28.0,technician,married,tertiary,no,10449.0,yes,no,cellular,993,1.0,0,unknown,1.0
id_13925,37.0,blue-collar,married,primary,no,10441.0,no,no,cellular,703,1.0,0,unknown,1.0
id_6701,45.0,admin.,single,secondary,no,10390.0,yes,no,cellular,702,1.0,0,unknown,1.0
id_5882,42.0,self-employed,single,tertiary,no,10341.0,no,no,cellular,860,2.0,1,other,1.0
id_17340,52.0,blue-collar,divorced,unknown,no,10291.0,yes,no,unknown,877,1.0,0,unknown,1.0
id_23429,29.0,blue-collar,married,secondary,no,10283.0,yes,no,cellular,702,1.0,0,unknown,1.0
id_444,55.0,technician,married,secondary,no,10188.0,no,no,cellular,804,1.0,2,other,1.0
id_5255,29.0,services,single,tertiary,no,10126.0,yes,no,cellular,820,1.0,0,unknown,1.0
id_27611,24.0,student,single,tertiary,no,10090.0,no,no,cellular,915,2.0,0,unknown,1.0
id_5319,43.0,self-employed,married,tertiary,no,10073.0,no,no,cellular,914,1.0,0,unknown,1.0
id_23497,54.0,technician,married,secondary,no,9773.0,yes,no,cellular,702,1.0,0,unknown,1.0
id_2199,58.0,management,married,tertiary,no,9687.0,no,no,cellular,810,2.0,0,unknown,1.0
id_19079,31.0,management,single,tertiary,no,9505.0,no,no,cellular,806,2.0,0,unknown,1.0
id_6354,73.0,retired,married,secondary,no,9477.0,no,no,cellular,915,1.0,0,unknown,1.0
id_33128,31.0,management,single,tertiary,no,9416.0,no,no,cellular,697,1.0,0,unknown,1.0
id_16315,31.0,management,single,tertiary,no,9319.0,no,no,cellular,880,1.0,3,failure,1.0
id_18047,34.0,blue-collar,single,secondary,no,9305.0,yes,no,cellular,895,1.0,0,unknown,1.0
id_43213,45.0,unemployed,married,primary,no,9260.0,yes,no,cellular,900,1.0,0,unknown,1.0
id_23446,48.0,blue-collar,married,primary,no,9205.0,no,no,cellular,796,7.0,0,unknown,1.0
id_28861,67.0,technician,married,secondary,no,9068.0,no,no,cellular,807,1.0,0,unknown,1.0
id_43154,40.0,management,married,tertiary,no,9011.0,no,no,cellular,702,2.0,0,unknown,1.0
id_4424,29.0,blue-collar,married,secondary,no,8959.0,no,no,cellular,702,1.0,0,unknown,1.0
id_25921,54.0,services,married,primary,no,8922.0,yes,no,telephone,822,2.0,0,unknown,1.0
id_23402,33.0,unemployed,divorced,tertiary,no,8905.0,yes,no,cellular,891,1.0,6,failure,1.0
id_1833,52.0,admin.,married,secondary,no,8892.0,yes,no,cellular,702,1.0,0,unknown,1.0
id_11519,46.0,entrepreneur,married,primary,no,8871.0,yes,no,cellular,821,2.0,0,unknown,1.0
id_19428,40.575475409836066,student,single,unknown,no,8859.0,no,no,cellular,929,2.0,0,unknown,1.0
id_36517,45.0,unemployed,single,primary,no,8727.0,no,no,cellular,837,2.0,0,unknown,1.0
id_42289,38.0,services,divorced,primary,no,8653.0,yes,no,cellular,892,4.0,0,unknown,1.0
id_19352,54.0,technician,married,unknown,no,8607.0,no,no,cellular,816,3.0,0,unknown,1.0
id_17975,82.0,retired,married,primary,no,8603.0,no,no,cellular,731,3.0,1,success,1.0
id_2072,45.0,unknown,married,tertiary,no,8568.0,no,no,cellular,789,1.0,0,unknown,1.0
id_12337,36.0,technician,married,tertiary,no,8460.0,no,no,cellular,801,2.0,0,unknown,1.0
id_15069,30.0,self-employed,single,tertiary,no,8460.0,no,no,cellular,702,1.0,0,unknown,1.0
id_11117,53.0,admin.,married,secondary,no,8451.0,no,no,cellular,802,2.0,0,unknown,1.0
id_40887,29.0,management,single,tertiary,no,8439.0,yes,no,cellular,919,1.0,2,failure,1.0
id_32863,56.0,management,married,primary,no,8335.0,no,no,cellular,675,4.0,2,other,1.0
id_21505,60.0,management,married,primary,no,8329.0,no,no,cellular,857,1.0,7,other,1.0
id_39190,24.0,management,single,tertiary,no,8306.0,no,no,cellular,837,2.0,0,unknown,1.0
id_26240,31.0,unemployed,single,secondary,no,8301.0,no,no,cellular,733,1.0,1,failure,1.0
id_20462,51.0,management,married,tertiary,no,8298.0,no,no,cellular,870,1.0,0,unknown,1.0
id_33727,23.0,student,single,primary,no,8275.0,no,no,cellular,724,1.0,0,unknown,1.0
id_11841,58.0,services,married,secondary,no,8263.0,yes,no,telephone,701,1.0,0,unknown,1.0
id_2402,53.0,blue-collar,married,secondary,no,8182.0,yes,no,cellular,923,1.0,1,failure,1.0
id_10723,57.0,blue-collar,married,primary,no,8159.0,no,no,cellular,800,4.0,0,unknown,1.0
id_17260,49.0,blue-collar,married,secondary,no,8151.0,yes,no,cellular,919,1.0,0,unknown,1.0
id_38226,55.0,self-employed,divorced,secondary,no,8109.0,yes,yes,cellular,921,1.0,1,failure,1.0
id_4965,27.0,management,single,secondary,no,8103.0,yes,no,cellular,701,1.0,0,unknown,1.0
id_5315,57.0,entrepreneur,married,secondary,no,8099.0,no,no,cellular,989,2.0,0,unknown,1.0
id_16370,34.0,technician,single,tertiary,no,8092.0,no,yes,cellular,793,2.0,0,unknown,1.0
id_11142,35.0,management,single,tertiary,no,8067.0,no,no,telephone,801,1.0,0,unknown,1.0
id_33235,33.0,services,married,secondary,no,8039.0,yes,no,cellular,701,1.0,0,unknown,1.0
id_43307,31.0,management,married,tertiary,no,8001.0,no,no,cellular,878,2.0,0,unknown,1.0
id_40083,50.0,technician,married,secondary,no,7981.0,yes,no,cellular,993,1.0,0,unknown,1.0
id_27675,37.0,unemployed,single,tertiary,no,7969.0,no,no,cellular,965,2.0,2,success,1.0
id_27196,38.0,technician,married,secondary,no,7954.0,no,no,cellular,814,2.0,0,unknown,1.0
id_45149,54.0,retired,married,primary,no,7935.0,no,no,unknown,858,1.0,0,unknown,1.0
id_40138,53.0,technician,divorced,secondary,no,7925.0,yes,no,cellular,702,1.0,0,unknown,1.0
id_12380,44.0,blue-collar,married,secondary,no,7890.0,yes,no,cellular,991,1.0,0,unknown,1.0
id_27586,34.0,management,divorced,tertiary,no,7824.0,no,no,unknown,866,1.0,0,unknown,1.0
id_31322,46.0,management,married,tertiary,no,7813.0,no,no,cellular,879,1.0,0,unknown,1.0
id_6692,59.0,management,divorced,tertiary,no,7812.0,yes,no,cellular,701,1.0,0,unknown,1.0
id_20589,78.0,retired,married,tertiary,no,7800.0,no,no,telephone,902,1.0,2,success,1.0
id_31458,39.0,housemaid,divorced,secondary,no,7782.0,no,no,unknown,866,2.0,0,unknown,1.0
id_10124,28.0,blue-collar,single,secondary,no,7771.0,yes,no,cellular,702,1.0,0,unknown,1.0
id_39105,54.0,technician,married,secondary,no,7763.0,yes,no,cellular,701,1.0,0,unknown,1.0
id_19852,35.0,blue-collar,single,secondary,no,7619.0,yes,yes,telephone,900,1.0,0,unknown,1.0
id_14084,25.0,services,single,secondary,no,7603.0,no,no,cellular,909,1.0,0,unknown,1.0
id_10013,26.0,blue-collar,single,secondary,no,7526.0,no,no,cellular,891,2.0,0,unknown,1.0
id_19000,38.0,technician,single,secondary,no,7505.0,yes,no,telephone,901,1.0,1,failure,1.0
id_14963,36.0,technician,married,secondary,no,7489.0,no,no,cellular,807,2.0,0,unknown,1.0
id_30286,46.0,management,married,tertiary,no,7482.0,no,no,cellular,760,1.0,2,failure,1.0
id_20879,31.0,self-employed,married,primary,no,7471.0,yes,yes,cellular,906,1.0,0,unknown,1.0
id_40579,58.0,unemployed,divorced,secondary,no,7470.0,no,no,cellular,738,1.0,0,unknown,1.0
id_14428,57.0,unemployed,divorced,secondary,no,7465.0,no,no,cellular,973,1.0,1,failure,1.0
id_35444,56.0,technician,married,secondary,no,7427.0,no,no,cellular,702,1.0,0,unknown,1.0
id_37736,34.0,self-employed,married,tertiary,no,7342.0,no,no,cellular,705,1.0,0,unknown,1.0
id_23628,61.0,unknown,married,unknown,no,7340.0,no,no,cellular,810,1.0,0,unknown,1.0
id_10395,40.575475409836066,entrepreneur,married,primary,no,7274.0,yes,no,cellular,894,1.0,0,unknown,1.0
id_20609,53.0,management,married,tertiary,no,7250.0,yes,yes,cellular,703,1.0,0,unknown,1.0
id_10388,40.575475409836066,blue-collar,married,secondary,no,7220.0,no,no,cellular,703,2.0,2,failure,1.0
id_27480,36.0,services,married,secondary,no,7208.0,yes,no,cellular,893,1.0,0,unknown,1.0
id_23535,40.0,technician,divorced,tertiary,no,7191.0,yes,no,cellular,816,2.0,0,unknown,1.0
id_12344,61.0,retired,divorced,primary,no,7176.0,no,no,cellular,990,1.0,0,unknown,1.0
id_18252,51.0,services,married,unknown,no,7170.0,no,no,cellular,786,14.0,0,unknown,1.0
id_44527,43.0,technician,single,unknown,no,7112.0,yes,yes,cellular,704,1.0,3,failure,1.0
id_43132,24.0,technician,single,secondary,no,7102.0,yes,no,cellular,888,1.0,0,unknown,1.0
id_35050,53.0,blue-collar,married,primary,no,7074.0,no,no,cellular,788,6.0,0,unknown,1.0
id_34699,32.0,blue-collar,married,secondary,no,7058.0,yes,no,cellular,893,1.0,9,failure,1.0
id_42777,47.0,services,married,secondary,no,7019.0,yes,no,cellular,873,1.0,3,failure,1.0
id_41452,54.0,management,divorced,tertiary,no,7010.0,no,no,cellular,956,2.0,0,unknown,1.0
id_32754,58.0,admin.,married,primary,no,7000.0,no,no,cellular,810,1.0,0,unknown,1.0
id_12998,41.0,technician,married,tertiary,no,6963.0,no,no,cellular,806,2.0,0,unknown,1.0
id_389,49.0,blue-collar,married,secondary,no,6937.0,no,no,cellular,703,2.0,0,unknown,1.0
id_40182,59.0,management,married,primary,no,6900.0,no,no,cellular,730,4.0,2,failure,1.0
id_40475,56.0,management,married,primary,no,6899.0,no,no,cellular,915,2.0,0,unknown,1.0
id_17440,29.0,blue-collar,single,secondary,no,6895.0,no,no,cellular,701,1.0,0,unknown,1.0
id_29811,37.0,technician,single,tertiary,no,6886.0,yes,no,cellular,998,1.0,3,failure,1.0
id_12628,69.0,retired,divorced,secondary,no,6852.0,no,no,telephone,962,3.0,1,failure,1.0
id_11306,30.0,technician,married,secondary,no,6845.0,no,no,cellular,802,1.0,0,unknown,1.0
id_33633,40.575475409836066,blue-collar,single,secondary,no,6834.0,yes,no,cellular,899,1.0,0,unknown,1.0
id_40105,35.0,management,single,tertiary,no,6810.0,no,no,cellular,732,2.0,1,success,1.0
id_16425,29.0,management,single,tertiary,no,6791.0,no,no,telephone,805,1.0,35,failure,1.0
id_15217,57.0,blue-collar,married,primary,no,6763.0,no,no,cellular,786,25.0,0,unknown,1.0
id_36408,32.0,technician,single,tertiary,no,6750.0,no,no,cellular,711,1.0,0,unknown,1.0
id_11773,32.0,technician,single,secondary,no,6705.0,no,no,cellular,701,1.0,0,unknown,1.0
id_17108,42.0,management,married,secondary,no,6698.0,yes,no,cellular,989,1.0,1,failure,1.0
id_25746,60.0,retired,married,tertiary,no,6684.0,yes,yes,cellular,990,1.0,0,unknown,1.0
id_21889,52.0,management,divorced,tertiary,no,6644.0,yes,no,cellular,838,1.0,0,unknown,1.0
id_29576,38.0,blue-collar,married,primary,no,6593.0,yes,no,cellular,899,1.0,1,failure,1.0
id_37976,43.0,blue-collar,married,primary,no,6593.0,yes,no,cellular,702,1.0,0,unknown,1.0
id_32500,26.0,management,married,tertiary,no,6582.0,no,no,cellular,835,1.0,0,unknown,1.0
id_22642,50.0,admin.,married,tertiary,no,6574.0,no,no,cellular,775,1.0,3,success,1.0
id_25552,56.0,technician,married,tertiary,no,6572.0,yes,no,telephone,712,1.0,0,unknown,1.0
id_5200,35.0,admin.,single,secondary,no,6549.0,no,no,cellular,816,1.0,0,unknown,1.0
id_44853,43.0,management,married,secondary,no,6521.0,no,no,cellular,857,2.0,3,failure,1.0
id_20709,52.0,technician,divorced,tertiary,no,6506.0,yes,no,cellular,702,1.0,0,unknown,1.0
id_27084,32.0,management,married,tertiary,no,6453.0,no,no,telephone,703,1.0,0,unknown,1.0
id_19259,49.0,blue-collar,married,primary,no,6425.0,no,no,cellular,703,1.0,0,unknown,1.0
id_10699,29.0,management,single,tertiary,no,6417.0,no,no,cellular,801,2.0,0,unknown,1.0
id_2917,31.0,technician,single,secondary,no,6405.0,yes,no,cellular,702,1.0,0,unknown,1.0
id_44555,62.0,technician,married,primary,no,6383.0,no,no,cellular,737,2.0,0,unknown,1.0
id_14229,35.0,technician,single,tertiary,no,6276.0,yes,no,cellular,844,1.0,4,success,1.0
id_28294,82.0,retired,married,tertiary,no,6240.0,no,no,cellular,741,1.0,3,failure,1.0
id_23007,80.0,retired,married,tertiary,no,6238.0,no,no,cellular,993,2.0,0,unknown,1.0
id_569,57.0,blue-collar,married,primary,no,6211.0,yes,no,cellular,901,2.0,0,unknown,1.0
id_30711,55.0,technician,married,primary,no,6183.0,no,no,cellular,831,2.0,3,other,1.0
id_42979,51.0,technician,single,secondary,no,6167.0,yes,no,cellular,705,1.0,0,unknown,1.0
id_7019,40.575475409836066,entrepreneur,single,tertiary,yes,6160.0,no,yes,telephone,992,1.0,0,unknown,1.0
id_21873,46.0,blue-collar,married,primary,no,6147.0,yes,no,cellular,702,2.0,0,unknown,1.0
id_11187,54.0,blue-collar,married,secondary,no,6116.0,no,no,cellular,906,1.0,1,success,1.0
id_10223,57.0,self-employed,single,primary,no,6054.0,yes,no,cellular,701,5.0,0,unknown,1.0
id_6784,73.0,blue-collar,married,secondary,no,6050.0,no,no,telephone,809,1.0,0,unknown,1.0
id_18146,40.0,admin.,divorced,secondary,no,6045.0,yes,yes,telephone,769,2.0,0,unknown,1.0
id_42641,74.0,retired,married,tertiary,no,6023.0,no,no,cellular,892,1.0,4,success,1.0
id_4720,37.0,management,married,tertiary,no,6003.0,yes,no,cellular,704,1.0,0,unknown,1.0
id_3670,32.0,blue-collar,single,primary,no,5976.0,no,no,telephone,702,1.0,0,unknown,1.0
id_28659,38.0,management,single,tertiary,no,5971.0,no,no,cellular,787,2.0,0,unknown,1.0
id_42572,35.0,technician,married,secondary,no,5957.0,no,no,cellular,809,1.0,0,unknown,1.0
id_30821,84.0,housemaid,divorced,primary,no,5944.0,no,no,cellular,815,3.0,0,unknown,1.0
id_13714,60.0,management,married,tertiary,no,5937.0,no,no,cellular,802,2.0,0,unknown,1.0
id_14358,60.0,retired,divorced,unknown,no,5918.0,yes,no,cellular,701,1.0,1,failure,1.0
id_13096,55.0,retired,divorced,unknown,no,5915.0,yes,no,cellular,822,1.0,0,unknown,1.0
id_35519,29.0,student,single,secondary,no,5911.0,no,no,cellular,803,1.0,6,failure,1.0
id_12861,28.0,blue-collar,married,secondary,no,5898.0,yes,no,cellular,900,1.0,1,failure,1.0
id_32924,64.0,retired,married,primary,no,5869.0,no,no,cellular,719,1.0,0,unknown,1.0
id_9934,58.0,blue-collar,married,primary,no,5794.0,yes,no,cellular,989,2.0,0,unknown,1.0
id_7076,53.0,management,married,primary,no,5787.0,no,no,telephone,701,2.0,0,unknown,1.0
id_33911,56.0,management,divorced,tertiary,no,5701.0,no,no,cellular,993,1.0,0,unknown,1.0
id_38235,27.0,management,married,tertiary,no,5696.0,no,no,cellular,820,1.0,0,unknown,1.0
id_18117,26.0,technician,single,secondary,no,5691.0,no,no,cellular,706,1.0,0,unknown,1.0
id_45035,55.0,housemaid,married,secondary,no,5627.0,no,no,telephone,789,1.0,5,other,1.0
id_1782,45.0,management,married,tertiary,no,5579.0,no,no,cellular,806,2.0,0,unknown,1.0
id_26503,69.0,management,married,tertiary,no,5566.0,no,no,cellular,989,1.0,0,unknown,1.0
id_37077,75.0,retired,married,primary,no,5543.0,no,no,telephone,808,1.0,0,unknown,1.0
id_27966,33.0,self-employed,single,tertiary,no,5466.0,no,no,cellular,906,1.0,0,unknown,1.0
id_20354,46.0,blue-collar,married,primary,no,5462.0,yes,no,cellular,702,2.0,0,unknown,1.0
id_21931,46.0,admin.,married,secondary,no,5403.0,no,no,cellular,795,2.0,0,unknown,1.0
id_17773,29.0,management,married,tertiary,no,5384.0,no,no,cellular,705,1.0,0,unknown,1.0
id_42394,37.0,management,married,tertiary,no,5368.0,no,no,cellular,873,1.0,1,failure,1.0
id_2257,40.575475409836066,management,single,tertiary,no,5340.0,no,no,cellular,906,2.0,0,unknown,1.0
id_13721,44.0,self-employed,divorced,tertiary,no,5328.0,no,yes,cellular,814,3.0,0,unknown,1.0
id_2221,42.0,technician,single,secondary,no,5325.0,no,no,cellular,831,2.0,0,unknown,1.0
id_32954,39.0,management,married,primary,no,5309.0,yes,no,cellular,697,2.0,4,success,1.0
id_30803,28.0,student,single,secondary,no,5297.0,no,no,telephone,802,1.0,0,unknown,1.0
id_5004,62.0,retired,married,secondary,no,5269.0,no,no,cellular,779,1.0,0,unknown,1.0
id_42611,36.0,management,single,secondary,no,5263.0,yes,no,cellular,704,1.0,2,failure,1.0
id_45003,47.0,management,married,tertiary,no,5261.0,no,no,cellular,993,1.0,0,unknown,1.0
id_21184,52.0,management,divorced,tertiary,no,5252.0,yes,yes,cellular,916,1.0,19,failure,1.0
id_35498,48.0,management,divorced,tertiary,no,5225.0,no,no,cellular,810,1.0,0,unknown,1.0
id_1675,29.0,technician,single,secondary,no,5205.0,no,no,cellular,702,1.0,0,unknown,1.0
id_1259,61.0,retired,married,secondary,no,5192.0,no,no,telephone,951,2.0,4,other,1.0
id_18261,26.0,student,single,tertiary,no,5169.0,yes,no,cellular,780,1.0,3,success,1.0
id_31457,28.0,student,single,tertiary,no,5166.0,yes,no,cellular,881,1.0,2,failure,1.0
id_471,50.0,housemaid,married,primary,no,5141.0,no,no,unknown,866,1.0,0,unknown,1.0
id_31936,39.0,technician,married,secondary,no,5114.0,yes,no,cellular,968,1.0,6,success,1.0
id_39680,40.575475409836066,technician,married,secondary,no,5114.0,yes,no,cellular,873,1.0,7,success,1.0
id_39765,42.0,technician,married,tertiary,no,5110.0,no,no,cellular,914,2.0,0,unknown,1.0
id_17213,51.0,admin.,married,tertiary,no,5090.0,no,no,cellular,809,1.0,0,unknown,1.0
id_3250,52.0,admin.,married,secondary,no,5085.0,yes,yes,cellular,837,1.0,0,unknown,1.0
id_2299,40.575475409836066,self-employed,married,secondary,no,5067.0,no,no,cellular,837,2.0,0,unknown,1.0
id_5890,33.0,technician,single,secondary,no,5059.0,no,yes,cellular,807,2.0,0,unknown,1.0
id_9198,51.0,housemaid,married,primary,no,5043.0,no,no,unknown,857,1.0,0,unknown,1.0
id_39878,51.0,management,married,unknown,no,5041.0,yes,yes,cellular,928,1.0,0,unknown,1.0
id_19962,44.0,management,divorced,tertiary,no,5041.0,no,no,cellular,829,6.0,14,success,1.0
id_12784,57.0,management,divorced,tertiary,no,5040.0,yes,no,cellular,704,2.0,0,unknown,1.0
id_42063,72.0,retired,divorced,primary,no,5032.0,no,no,cellular,688,10.0,0,unknown,1.0
id_18266,46.0,admin.,married,secondary,no,5017.0,no,no,cellular,830,1.0,1,success,1.0
id_37975,37.0,management,married,tertiary,no,5014.0,no,no,cellular,806,1.0,0,unknown,1.0
id_16443,39.0,management,divorced,tertiary,no,5009.0,yes,no,cellular,830,2.0,0,unknown,1.0
id_5037,41.0,management,married,tertiary,no,5008.0,no,no,cellular,794,2.0,0,unknown,1.0
id_39778,75.0,self-employed,married,unknown,no,4988.0,no,no,telephone,908,1.0,1,success,1.0
id_40689,68.0,retired,married,primary,no,4980.0,no,no,cellular,902,2.0,0,unknown,1.0
id_10540,58.0,housemaid,divorced,secondary,no,4969.0,no,no,cellular,701,2.0,0,unknown,1.0
id_596,33.0,services,married,secondary,no,4958.0,yes,no,cellular,919,1.0,2,failure,1.0
id_2635,34.0,management,married,tertiary,no,4946.0,no,no,cellular,871,1.0,2,other,1.0
id_14031,43.0,blue-collar,single,primary,no,4928.0,no,no,unknown,857,1.0,0,unknown,1.0
id_35641,71.0,retired,married,primary,no,4851.0,no,no,cellular,767,2.0,0,unknown,1.0
id_9898,46.0,admin.,married,secondary,no,4829.0,yes,no,cellular,705,1.0,4,other,1.0
id_8374,76.0,retired,married,unknown,no,4804.0,no,no,telephone,992,2.0,4,success,1.0
id_34872,28.0,student,single,secondary,no,4791.0,no,no,unknown,879,1.0,0,unknown,1.0
id_34046,30.0,services,married,secondary,no,4787.0,yes,yes,cellular,895,1.0,4,failure,1.0
id_31040,45.0,services,married,secondary,no,4783.0,yes,yes,cellular,894,1.0,0,unknown,1.0
id_39120,54.0,services,single,secondary,no,4775.0,yes,no,cellular,892,1.0,0,unknown,1.0
id_33324,29.0,admin.,married,secondary,no,4768.0,no,no,telephone,701,2.0,0,unknown,1.0
id_24939,84.0,retired,married,tertiary,no,4765.0,no,no,telephone,774,1.0,3,failure,1.0
id_43107,60.0,retired,married,secondary,no,4755.0,no,no,cellular,781,2.0,0,unknown,1.0
id_35433,25.0,admin.,single,secondary,no,4742.0,no,no,telephone,894,1.0,5,success,1.0
id_38538,33.0,management,married,tertiary,no,4735.0,no,no,cellular,906,1.0,0,unknown,1.0
id_39041,27.0,admin.,single,tertiary,no,4733.0,no,no,cellular,832,1.0,0,unknown,1.0
id_11827,33.0,blue-collar,married,primary,no,4731.0,yes,no,cellular,703,1.0,3,other,1.0
id_37226,57.0,unemployed,married,secondary,no,4730.0,yes,no,cellular,703,1.0,2,other,1.0
id_951,36.0,management,married,primary,no,4723.0,no,no,telephone,998,1.0,0,unknown,1.0
id_24856,26.0,management,single,tertiary,no,4695.0,no,no,cellular,860,1.0,0,unknown,1.0
id_42476,24.0,management,single,tertiary,no,4686.0,yes,no,telephone,717,1.0,0,unknown,1.0
id_8562,41.0,management,married,tertiary,no,4676.0,no,no,cellular,774,1.0,0,unknown,1.0
id_9485,33.0,self-employed,single,tertiary,no,4632.0,no,no,cellular,997,1.0,0,unknown,1.0
id_44087,37.0,blue-collar,single,secondary,no,4621.0,no,no,cellular,701,1.0,0,unknown,1.0
id_32650,33.0,technician,married,secondary,no,4608.0,no,no,cellular,703,2.0,0,unknown,1.0
id_44793,58.0,housemaid,married,primary,no,4606.0,no,no,cellular,810,1.0,0,unknown,1.0
id_36304,38.0,services,married,secondary,no,4579.0,yes,no,telephone,920,1.0,4,other,1.0
id_21010,57.0,retired,married,secondary,no,4575.0,no,no,cellular,785,2.0,0,unknown,1.0
id_22277,69.0,retired,divorced,secondary,no,4572.0,no,no,cellular,742,2.0,16,failure,1.0
id_11668,41.0,unemployed,married,secondary,no,4541.0,no,no,cellular,705,2.0,0,unknown,1.0
id_27125,34.0,unknown,married,unknown,no,4530.0,no,no,cellular,808,3.0,0,unknown,1.0
id_38345,58.0,admin.,divorced,secondary,no,4516.0,no,no,cellular,777,1.0,11,other,1.0
id_7890,55.0,admin.,married,secondary,no,4495.0,no,no,cellular,898,2.0,3,failure,1.0
id_43289,60.0,unemployed,married,secondary,no,4493.0,yes,no,cellular,991,1.0,1,failure,1.0
id_43594,43.0,admin.,married,primary,no,4492.0,yes,no,cellular,836,1.0,0,unknown,1.0
id_16619,56.0,self-employed,married,secondary,no,4489.0,no,no,cellular,810,1.0,0,unknown,1.0
id_8270,41.0,unemployed,divorced,secondary,no,4478.0,yes,no,unknown,893,1.0,0,unknown,1.0
id_3223,30.0,blue-collar,married,secondary,no,4472.0,yes,no,cellular,992,1.0,2,failure,1.0
id_42915,28.0,student,single,unknown,no,4471.0,no,no,cellular,993,1.0,0,unknown,1.0
id_40318,57.0,retired,married,secondary,no,4461.0,no,no,cellular,998,2.0,0,unknown,1.0
id_38799,28.0,admin.,married,secondary,no,4460.0,yes,no,cellular,920,1.0,4,success,1.0
id_4866,36.0,admin.,married,secondary,no,4460.0,no,no,cellular,704,1.0,0,unknown,1.0
id_21167,35.0,technician,married,tertiary,no,4399.0,no,no,cellular,906,1.0,0,unknown,1.0
id_7252,36.0,blue-collar,divorced,primary,no,4398.0,yes,no,cellular,900,2.0,4,failure,1.0
id_1693,48.0,management,single,tertiary,no,4398.0,no,no,telephone,682,1.0,1,other,1.0
id_33355,39.0,services,married,secondary,no,4396.0,no,no,cellular,704,2.0,2,failure,1.0
id_32253,55.0,admin.,married,secondary,no,4393.0,no,no,telephone,991,1.0,0,unknown,1.0
id_26849,39.0,technician,single,secondary,no,4360.0,no,no,cellular,806,2.0,0,unknown,1.0
id_41636,30.0,management,single,tertiary,no,4334.0,yes,no,cellular,823,1.0,0,unknown,1.0
id_11012,38.0,housemaid,divorced,secondary,no,4331.0,no,no,cellular,794,2.0,0,unknown,1.0
id_40436,40.0,management,divorced,tertiary,no,4330.0,yes,no,cellular,702,1.0,0,unknown,1.0
id_13935,27.0,management,single,tertiary,no,4323.0,yes,no,cellular,703,1.0,0,unknown,1.0
id_1089,46.0,blue-collar,single,primary,no,4288.0,yes,no,unknown,866,1.0,0,unknown,1.0
id_35508,42.0,housemaid,married,primary,no,4274.0,yes,no,cellular,823,1.0,0,unknown,1.0
id_20514,46.0,technician,married,secondary,no,4267.0,yes,no,cellular,701,1.0,2,failure,1.0
id_31669,59.0,retired,divorced,secondary,no,4247.0,no,no,cellular,723,2.0,0,unknown,1.0
id_19407,35.0,management,divorced,tertiary,no,4232.0,yes,no,cellular,803,2.0,0,unknown,1.0
id_31381,85.0,retired,married,unknown,no,4218.0,no,no,cellular,741,1.0,0,unknown,1.0
id_32315,30.0,management,single,tertiary,no,4214.0,yes,no,cellular,888,1.0,0,unknown,1.0
id_1315,38.0,management,divorced,tertiary,no,4202.0,no,no,unknown,870,1.0,0,unknown,1.0
id_14949,60.0,technician,married,primary,no,4198.0,no,no,cellular,738,5.0,5,failure,1.0
id_30609,47.0,blue-collar,married,primary,no,4169.0,yes,yes,cellular,894,2.0,3,failure,1.0
id_34729,58.0,self-employed,married,tertiary,no,4162.0,no,no,cellular,712,1.0,0,unknown,1.0
id_12434,33.0,unemployed,single,primary,no,4145.0,no,no,cellular,996,3.0,0,unknown,1.0
id_37759,56.0,blue-collar,married,primary,no,4139.0,no,no,unknown,856,1.0,0,unknown,1.0
id_11032,69.0,retired,married,secondary,no,4130.0,no,no,cellular,710,1.0,0,unknown,1.0
id_16462,51.0,blue-collar,married,primary,no,4123.0,yes,yes,cellular,916,2.0,1,failure,1.0
id_5476,37.0,management,divorced,unknown,no,4099.0,yes,no,cellular,916,1.0,0,unknown,1.0
id_29976,67.0,unknown,married,unknown,no,4089.0,no,no,telephone,803,1.0,0,unknown,1.0
id_4889,73.0,retired,divorced,secondary,no,4082.0,no,no,cellular,734,3.0,0,unknown,1.0
id_34352,35.0,management,married,tertiary,no,4068.0,no,no,cellular,701,1.0,0,unknown,1.0
id_25465,49.0,management,married,tertiary,no,4061.0,no,no,cellular,795,2.0,0,unknown,1.0
id_2710,40.575475409836066,technician,married,secondary,no,4060.0,no,no,cellular,991,2.0,0,unknown,1.0
id_38872,32.0,admin.,single,tertiary,no,4038.0,no,no,cellular,807,1.0,2,success,1.0
id_15111,32.0,entrepreneur,married,tertiary,no,4027.0,no,no,cellular,703,1.0,0,unknown,1.0
id_30477,34.0,services,married,secondary,no,4013.0,no,no,cellular,737,1.0,0,unknown,1.0
id_25827,57.0,retired,married,primary,no,4011.0,no,no,cellular,941,2.0,4,failure,1.0
id_26282,52.0,entrepreneur,divorced,tertiary,no,3972.0,no,no,cellular,703,5.0,0,unknown,1.0
id_3851,48.0,technician,single,secondary,no,3967.0,no,no,cellular,703,2.0,0,unknown,1.0
id_40354,50.0,technician,divorced,tertiary,no,3965.0,yes,no,cellular,993,1.0,0,unknown,1.0
id_20823,37.0,management,married,primary,no,3957.0,yes,no,cellular,930,2.0,1,failure,1.0
id_13939,39.0,admin.,single,tertiary,no,3952.0,yes,no,cellular,802,1.0,2,failure,1.0
id_34254,46.0,unemployed,single,secondary,no,3943.0,no,no,cellular,998,1.0,0,unknown,1.0
id_4283,34.0,management,married,secondary,no,3930.0,yes,no,cellular,900,1.0,2,failure,1.0
id_7098,50.0,entrepreneur,married,tertiary,no,3916.0,yes,no,cellular,901,1.0,0,unknown,1.0
id_13637,34.0,admin.,married,tertiary,no,3914.0,yes,no,cellular,909,1.0,0,unknown,1.0
id_32617,36.0,housemaid,married,primary,no,3913.0,no,no,cellular,787,3.0,0,unknown,1.0
id_33292,35.0,unknown,divorced,primary,no,3883.0,no,no,cellular,702,5.0,5,failure,1.0
id_28364,55.0,blue-collar,married,primary,no,3875.0,no,no,telephone,915,1.0,0,unknown,1.0
id_2146,54.0,technician,married,secondary,no,3859.0,no,no,cellular,940,1.0,0,unknown,1.0
id_38504,59.0,housemaid,divorced,primary,no,3855.0,no,no,telephone,816,6.0,0,unknown,1.0
id_10306,34.0,admin.,married,secondary,no,3852.0,yes,no,cellular,901,1.0,0,unknown,1.0
id_8555,56.0,entrepreneur,divorced,tertiary,no,3847.0,no,no,cellular,814,7.0,0,unknown,1.0
id_22705,45.0,services,married,secondary,no,3844.0,yes,no,cellular,705,1.0,2,other,1.0
id_44399,26.0,technician,single,secondary,no,3844.0,no,no,cellular,830,2.0,0,unknown,1.0
id_43918,24.0,technician,single,secondary,no,3842.0,no,no,cellular,735,2.0,2,failure,1.0
id_30689,49.0,blue-collar,married,primary,no,3839.0,no,no,cellular,952,2.0,1,other,1.0
id_20985,40.0,admin.,divorced,secondary,no,3827.0,no,no,cellular,910,10.0,0,unknown,1.0
id_3876,42.0,management,divorced,tertiary,no,3820.0,no,no,cellular,795,5.0,0,unknown,1.0
id_11772,44.0,blue-collar,divorced,secondary,no,3820.0,yes,yes,cellular,919,2.0,0,unknown,1.0
id_9089,44.0,management,single,tertiary,no,3816.0,no,no,cellular,702,2.0,0,unknown,1.0
id_19993,69.0,retired,married,tertiary,no,3806.0,no,no,cellular,732,1.0,0,unknown,1.0
id_16842,29.0,management,single,tertiary,no,3800.0,no,no,cellular,837,2.0,0,unknown,1.0
id_15938,36.0,blue-collar,single,primary,no,3795.0,no,no,unknown,869,1.0,0,unknown,1.0
id_20672,58.0,housemaid,divorced,tertiary,no,3768.0,no,no,cellular,993,6.0,0,unknown,1.0
id_15747,43.0,management,married,tertiary,no,3765.0,yes,no,cellular,880,1.0,0,unknown,1.0
id_10109,54.0,housemaid,married,tertiary,no,3764.0,no,no,cellular,705,1.0,0,unknown,1.0
id_42804,50.0,management,married,tertiary,no,3758.0,no,no,cellular,914,1.0,2,failure,1.0
id_36638,36.0,admin.,divorced,secondary,no,3747.0,yes,no,unknown,886,1.0,0,unknown,1.0
id_31741,47.0,blue-collar,married,tertiary,no,3744.0,no,no,cellular,899,1.0,1,failure,1.0
id_6379,34.0,technician,divorced,primary,no,3744.0,yes,no,unknown,885,2.0,0,unknown,1.0
id_926,55.0,retired,married,secondary,no,3739.0,yes,no,cellular,917,1.0,7,success,1.0
id_9598,60.0,admin.,married,secondary,no,3735.0,no,no,cellular,945,1.0,10,success,1.0
id_14147,49.0,self-employed,married,secondary,no,3721.0,no,no,cellular,702,2.0,0,unknown,1.0
id_18536,65.0,retired,married,primary,no,3715.0,no,no,cellular,929,3.0,0,unknown,1.0
id_6975,34.0,management,married,tertiary,no,3710.0,yes,no,cellular,702,1.0,0,unknown,1.0
id_34706,67.0,retired,married,unknown,no,3699.0,no,no,telephone,867,1.0,0,unknown,1.0
id_44648,41.0,technician,married,tertiary,no,3699.0,no,no,cellular,703,1.0,0,unknown,1.0
id_44232,25.0,student,single,tertiary,no,3690.0,no,no,cellular,928,2.0,0,unknown,1.0
id_32340,44.0,services,married,secondary,no,3685.0,yes,no,cellular,916,1.0,1,failure,1.0
id_6869,46.0,admin.,married,secondary,no,3679.0,no,no,cellular,735,1.0,3,success,1.0
id_27735,46.0,management,married,secondary,no,3663.0,yes,no,cellular,703,1.0,0,unknown,1.0
id_35506,42.0,management,married,tertiary,no,3662.0,no,no,cellular,950,1.0,0,unknown,1.0
id_37747,38.0,blue-collar,married,primary,no,3657.0,yes,no,cellular,927,1.0,1,failure,1.0
id_38415,47.0,technician,divorced,secondary,no,3651.0,no,no,cellular,802,2.0,0,unknown,1.0
id_775,60.0,retired,married,primary,no,3648.0,no,no,telephone,856,3.0,0,unknown,1.0
id_31073,42.0,management,married,tertiary,no,3643.0,no,no,cellular,701,1.0,0,unknown,1.0
id_16621,53.0,management,divorced,primary,no,3633.0,yes,no,unknown,876,1.0,0,unknown,1.0
id_5349,63.0,retired,married,primary,no,3631.0,no,no,cellular,993,1.0,2,other,1.0
id_19018,65.0,retired,married,primary,no,3631.0,no,no,cellular,909,1.0,0,unknown,1.0
id_12745,56.0,retired,married,tertiary,no,3619.0,no,yes,cellular,802,2.0,0,unknown,1.0
id_27035,54.0,blue-collar,married,unknown,no,3580.0,no,no,telephone,708,1.0,0,unknown,1.0
id_6014,35.0,management,married,unknown,no,3572.0,no,no,cellular,880,1.0,0,unknown,1.0
id_39392,28.0,technician,married,tertiary,no,3564.0,no,no,cellular,704,1.0,0,unknown,1.0
id_23380,58.0,housemaid,divorced,primary,no,3563.0,no,no,cellular,803,2.0,0,unknown,1.0
id_1562,58.0,admin.,married,primary,no,3563.0,no,no,cellular,843,1.0,0,unknown,1.0
id_21291,51.0,technician,married,secondary,no,3556.0,no,yes,cellular,837,1.0,0,unknown,1.0
id_23769,42.0,blue-collar,divorced,primary,no,3547.0,no,no,cellular,702,1.0,0,unknown,1.0
id_9553,55.0,services,married,secondary,no,3546.0,yes,yes,cellular,704,1.0,2,failure,1.0
id_26053,56.0,blue-collar,married,primary,no,3537.0,no,no,cellular,837,1.0,0,unknown,1.0
id_37130,24.0,admin.,single,secondary,no,3530.0,no,yes,cellular,962,1.0,2,failure,1.0
id_1425,47.0,technician,divorced,primary,no,3526.0,yes,no,cellular,703,4.0,0,unknown,1.0
id_11520,49.0,technician,married,secondary,no,3518.0,no,yes,cellular,664,1.0,1,failure,1.0
id_17799,36.0,management,married,tertiary,no,3516.0,yes,no,cellular,898,1.0,0,unknown,1.0
id_5776,58.0,services,married,tertiary,no,3483.0,no,no,cellular,810,1.0,0,unknown,1.0
id_30752,31.0,services,single,secondary,no,3480.0,no,no,cellular,993,2.0,0,unknown,1.0
id_10782,53.0,management,divorced,tertiary,no,3476.0,yes,no,cellular,802,2.0,0,unknown,1.0
id_27526,20.0,student,single,primary,no,3474.0,no,no,cellular,916,3.0,0,unknown,1.0
id_32343,32.0,housemaid,married,secondary,no,3472.0,no,no,cellular,807,2.0,0,unknown,1.0
id_31818,35.0,self-employed,divorced,secondary,no,3471.0,no,no,unknown,866,2.0,0,unknown,1.0
id_34863,26.0,unemployed,single,tertiary,no,3467.0,no,no,cellular,747,2.0,0,unknown,1.0
id_15269,37.0,management,married,tertiary,no,3456.0,no,no,cellular,801,2.0,0,unknown,1.0
id_40363,33.0,self-employed,divorced,secondary,no,3445.0,no,no,cellular,815,4.0,0,unknown,1.0
id_27646,61.0,retired,divorced,tertiary,no,3439.0,no,no,cellular,804,1.0,2,success,1.0
id_44266,48.0,technician,married,secondary,no,3437.0,no,yes,cellular,867,2.0,1,success,1.0
id_3391,60.0,management,married,unknown,no,3429.0,yes,yes,cellular,703,1.0,0,unknown,1.0
id_9631,40.0,management,divorced,tertiary,no,3425.0,no,no,cellular,752,1.0,5,success,1.0
id_4225,53.0,admin.,married,secondary,no,3420.0,no,no,cellular,835,1.0,0,unknown,1.0
id_27,75.0,retired,divorced,secondary,no,3412.0,no,no,cellular,894,1.0,1,success,1.0
id_27312,26.0,student,single,tertiary,no,3412.0,no,no,cellular,909,1.0,0,unknown,1.0
id_26349,67.0,retired,married,secondary,no,3408.0,no,no,cellular,980,2.0,0,unknown,1.0
id_43715,42.0,services,married,secondary,no,3405.0,yes,no,cellular,893,1.0,0,unknown,1.0
id_34006,37.0,entrepreneur,divorced,tertiary,no,3404.0,no,no,cellular,866,4.0,4,success,1.0
id_21656,43.0,services,single,secondary,no,3403.0,yes,no,cellular,906,1.0,0,unknown,1.0
id_38285,52.0,entrepreneur,married,unknown,no,3402.0,no,no,cellular,814,7.0,0,unknown,1.0
id_4060,53.0,management,married,tertiary,no,3399.0,no,no,cellular,807,2.0,0,unknown,1.0
id_29042,59.0,management,divorced,tertiary,no,3391.0,no,no,cellular,816,2.0,0,unknown,1.0
id_24665,55.0,unemployed,married,primary,no,3390.0,no,no,cellular,915,1.0,0,unknown,1.0
id_6522,28.0,technician,married,tertiary,no,3381.0,no,no,cellular,906,1.0,0,unknown,1.0
id_10463,40.0,blue-collar,single,primary,no,3380.0,yes,no,telephone,702,1.0,0,unknown,1.0
id_6562,60.0,retired,married,secondary,no,3380.0,no,yes,cellular,878,2.0,2,failure,1.0
id_7420,64.0,retired,single,tertiary,no,3379.0,no,no,telephone,913,2.0,0,unknown,1.0
id_7489,30.0,management,married,tertiary,no,3366.0,yes,yes,cellular,801,1.0,0,unknown,1.0
id_12363,36.0,management,married,primary,no,3364.0,no,no,cellular,702,1.0,0,unknown,1.0
id_14409,46.0,unemployed,divorced,secondary,no,3357.0,yes,no,cellular,703,1.0,1,success,1.0
id_14161,38.0,management,divorced,tertiary,no,3356.0,no,no,cellular,874,1.0,0,unknown,1.0
id_2588,24.0,management,married,tertiary,no,3355.0,yes,no,cellular,997,1.0,0,unknown,1.0
id_23418,47.0,unemployed,divorced,secondary,no,3352.0,yes,no,unknown,877,1.0,0,unknown,1.0
id_23731,34.0,technician,divorced,secondary,no,3346.0,yes,no,cellular,900,1.0,3,failure,1.0
id_32639,44.0,management,divorced,tertiary,no,3344.0,no,no,unknown,704,1.0,0,unknown,1.0
id_41421,60.0,retired,married,secondary,no,3341.0,no,no,cellular,810,1.0,1,failure,1.0
id_21891,31.0,self-employed,single,tertiary,no,3339.0,no,no,cellular,874,1.0,0,unknown,1.0
id_32494,53.0,retired,married,primary,no,3335.0,no,no,cellular,800,4.0,0,unknown,1.0
id_12764,75.0,retired,married,primary,no,3325.0,no,no,cellular,993,1.0,0,unknown,1.0
id_26577,32.0,technician,single,secondary,no,3306.0,no,no,cellular,752,2.0,0,unknown,1.0
id_607,45.0,admin.,married,secondary,no,3304.0,no,no,cellular,815,2.0,0,unknown,1.0
id_14572,44.0,technician,married,unknown,no,3303.0,no,no,cellular,726,1.0,2,success,1.0
id_11922,32.0,management,single,tertiary,no,3292.0,no,no,cellular,745,2.0,2,failure,1.0
id_30515,29.0,self-employed,single,tertiary,no,3292.0,no,no,cellular,944,1.0,2,success,1.0
id_43361,46.0,self-employed,divorced,tertiary,no,3290.0,no,no,cellular,882,1.0,9,failure,1.0
id_18405,46.0,management,married,secondary,no,3290.0,yes,no,cellular,827,1.0,0,unknown,1.0
id_28594,49.0,housemaid,married,primary,no,3287.0,no,no,unknown,864,1.0,0,unknown,1.0
id_11885,33.0,management,single,tertiary,no,3280.0,no,no,cellular,701,1.0,0,unknown,1.0
id_5832,41.0,unemployed,single,unknown,no,3276.0,yes,no,cellular,884,1.0,1,failure,1.0
id_38073,33.0,services,married,secondary,no,3264.0,no,no,cellular,891,1.0,0,unknown,1.0
id_42892,37.0,admin.,married,unknown,no,3250.0,no,no,cellular,793,1.0,0,unknown,1.0
id_3775,34.0,management,single,tertiary,no,3247.0,no,no,cellular,704,2.0,0,unknown,1.0
id_17069,44.0,technician,married,secondary,no,3236.0,no,no,cellular,802,2.0,0,unknown,1.0
id_3369,46.0,blue-collar,married,secondary,no,3234.0,yes,no,cellular,704,1.0,3,failure,1.0
id_21178,69.0,retired,married,primary,no,3229.0,no,no,cellular,1015,2.0,1,failure,1.0
id_23237,59.0,blue-collar,married,unknown,no,3192.0,no,no,cellular,786,4.0,0,unknown,1.0
id_8419,43.0,management,married,tertiary,no,3188.0,no,no,cellular,794,1.0,0,unknown,1.0
id_28868,34.0,entrepreneur,married,tertiary,no,3187.0,no,no,cellular,702,1.0,0,unknown,1.0
id_2720,32.0,admin.,single,tertiary,no,3184.0,no,no,cellular,990,2.0,1,other,1.0
id_23242,37.0,admin.,married,secondary,no,3182.0,yes,no,cellular,933,1.0,3,failure,1.0
id_8275,24.0,student,single,secondary,no,3178.0,no,no,cellular,1013,2.0,0,unknown,1.0
id_148,45.0,blue-collar,married,secondary,no,3169.0,no,no,cellular,701,1.0,0,unknown,1.0
id_29176,43.0,admin.,divorced,secondary,no,3159.0,no,no,cellular,701,3.0,0,unknown,1.0
id_17910,29.0,management,married,tertiary,no,3156.0,no,no,cellular,872,1.0,4,failure,1.0
id_4017,32.0,admin.,single,secondary,no,3154.0,no,no,cellular,993,1.0,0,unknown,1.0
id_21052,43.0,self-employed,married,tertiary,no,3153.0,no,no,cellular,915,2.0,17,other,1.0
id_29996,35.0,management,single,tertiary,no,3141.0,no,no,cellular,902,2.0,0,unknown,1.0
id_44928,48.0,technician,married,secondary,no,3139.0,no,no,cellular,814,2.0,0,unknown,1.0
id_12032,51.0,admin.,married,secondary,no,3139.0,yes,no,telephone,703,1.0,0,unknown,1.0
id_43318,56.0,admin.,married,secondary,no,3138.0,yes,no,telephone,922,1.0,1,failure,1.0
id_13952,42.0,blue-collar,married,secondary,no,3127.0,yes,no,cellular,821,1.0,0,unknown,1.0
id_43218,49.0,self-employed,married,tertiary,no,3120.0,no,no,cellular,801,2.0,0,unknown,1.0
id_24496,32.0,student,single,tertiary,no,3117.0,no,no,telephone,801,2.0,0,unknown,1.0
id_20926,34.0,entrepreneur,married,secondary,no,3115.0,yes,no,cellular,702,1.0,4,failure,1.0
id_35230,60.0,retired,married,secondary,no,3114.0,no,no,cellular,888,2.0,1,success,1.0
id_1659,70.0,retired,divorced,secondary,no,3107.0,no,no,telephone,746,1.0,0,unknown,1.0
id_29286,38.0,blue-collar,divorced,secondary,no,3102.0,yes,no,cellular,920,1.0,1,failure,1.0
id_33788,31.0,student,single,secondary,no,3099.0,no,no,cellular,1000,1.0,0,unknown,1.0
id_18659,23.0,student,single,secondary,no,3087.0,no,no,cellular,793,1.0,0,unknown,1.0
id_1082,40.575475409836066,blue-collar,married,primary,no,3078.0,no,no,cellular,704,1.0,0,unknown,1.0
id_12250,32.0,entrepreneur,married,primary,no,3078.0,no,no,cellular,853,2.0,0,unknown,1.0
id_34505,51.0,blue-collar,married,secondary,no,3074.0,no,no,cellular,931,1.0,0,unknown,1.0
id_20195,33.0,technician,married,secondary,no,3072.0,yes,yes,cellular,824,1.0,0,unknown,1.0
id_41861,44.0,blue-collar,married,primary,no,3062.0,yes,no,cellular,893,2.0,0,unknown,1.0
id_10606,41.0,blue-collar,married,secondary,no,3061.0,yes,no,cellular,702,1.0,2,failure,1.0
id_12353,44.0,blue-collar,single,primary,no,3044.0,yes,yes,cellular,704,1.0,1,other,1.0
id_14704,34.0,blue-collar,single,secondary,no,3039.0,yes,yes,cellular,702,1.0,0,unknown,1.0
id_2251,30.0,student,single,tertiary,no,3030.0,no,no,cellular,822,1.0,1,failure,1.0
id_31320,54.0,services,married,primary,no,3018.0,yes,yes,cellular,992,1.0,0,unknown,1.0
id_28077,38.0,management,single,tertiary,no,3013.0,yes,no,cellular,705,1.0,0,unknown,1.0
id_32017,44.0,admin.,divorced,secondary,no,3003.0,yes,no,cellular,892,1.0,0,unknown,1.0
id_3228,34.0,blue-collar,married,secondary,no,2989.0,yes,no,cellular,702,1.0,0,unknown,1.0
id_33335,69.0,retired,married,primary,no,2988.0,no,no,telephone,919,1.0,0,unknown,1.0
id_16334,77.0,retired,married,tertiary,no,2988.0,no,no,cellular,914,1.0,0,unknown,1.0
id_20667,43.0,management,married,tertiary,no,2987.0,no,no,cellular,871,1.0,3,failure,1.0
id_29423,57.0,management,divorced,unknown,no,2985.0,no,no,cellular,906,1.0,0,unknown,1.0
id_12770,30.0,admin.,divorced,secondary,no,2980.0,no,no,cellular,916,4.0,2,other,1.0
id_41307,34.0,technician,single,secondary,no,2977.0,no,no,cellular,881,1.0,0,unknown,1.0
id_19007,52.0,blue-collar,married,primary,no,2977.0,no,no,cellular,796,5.0,0,unknown,1.0
id_37673,32.0,technician,single,secondary,no,2976.0,no,no,cellular,809,2.0,1,failure,1.0
id_38597,36.0,blue-collar,married,secondary,no,2974.0,yes,no,cellular,997,1.0,0,unknown,1.0
id_21245,37.0,entrepreneur,married,secondary,no,2973.0,no,no,cellular,807,2.0,6,success,1.0
id_20770,56.0,entrepreneur,divorced,tertiary,no,2970.0,no,yes,cellular,815,13.0,0,unknown,1.0
id_19084,51.0,blue-collar,married,secondary,no,2965.0,yes,no,cellular,920,1.0,0,unknown,1.0
id_10346,57.0,management,married,tertiary,no,2961.0,yes,no,cellular,783,1.0,11,other,1.0
id_21940,45.0,blue-collar,married,primary,no,2957.0,yes,no,cellular,920,1.0,2,failure,1.0
id_14658,56.0,retired,married,secondary,no,2952.0,no,no,cellular,803,2.0,0,unknown,1.0
id_20773,33.0,housemaid,married,primary,no,2933.0,no,no,cellular,800,2.0,0,unknown,1.0
id_13164,27.0,student,single,unknown,no,2931.0,no,no,cellular,803,1.0,0,unknown,1.0
id_42557,56.0,services,divorced,primary,no,2920.0,yes,no,unknown,891,2.0,0,unknown,1.0
id_15174,53.0,services,divorced,primary,no,2919.0,yes,no,cellular,997,1.0,2,failure,1.0
id_30554,44.0,management,married,tertiary,no,2919.0,yes,no,cellular,705,1.0,0,unknown,1.0
id_7004,28.0,management,single,tertiary,no,2919.0,no,no,cellular,992,1.0,0,unknown,1.0
id_32237,51.0,blue-collar,married,secondary,no,2918.0,no,no,cellular,809,2.0,0,unknown,1.0
id_39513,42.0,blue-collar,married,secondary,no,2917.0,no,no,cellular,702,1.0,0,unknown,1.0
id_7056,30.0,management,single,tertiary,no,2914.0,no,no,cellular,775,1.0,2,failure,1.0
id_18114,42.0,blue-collar,married,secondary,no,2911.0,no,no,cellular,688,2.0,2,success,1.0
id_36949,50.0,entrepreneur,divorced,secondary,no,2910.0,no,no,unknown,869,1.0,0,unknown,1.0
id_23722,44.0,self-employed,single,secondary,no,2898.0,no,no,unknown,869,1.0,0,unknown,1.0
id_17007,34.0,blue-collar,married,secondary,no,2896.0,yes,no,cellular,704,1.0,1,failure,1.0
id_26514,40.575475409836066,blue-collar,single,secondary,no,2893.0,yes,no,cellular,899,1.0,0,unknown,1.0
id_25097,51.0,management,divorced,tertiary,no,2891.0,yes,no,cellular,901,1.0,0,unknown,1.0
id_25591,31.0,management,divorced,tertiary,no,2884.0,no,no,cellular,809,2.0,0,unknown,1.0
id_29202,43.0,services,single,secondary,no,2881.0,no,no,unknown,855,1.0,0,unknown,1.0
id_12681,65.0,retired,married,primary,no,2880.0,no,no,cellular,913,1.0,0,unknown,1.0
id_42660,39.0,technician,married,tertiary,no,2867.0,no,no,cellular,933,1.0,0,unknown,1.0
id_43998,32.0,management,married,secondary,no,2856.0,yes,yes,cellular,894,1.0,5,failure,1.0
id_11151,59.0,services,married,secondary,no,2853.0,no,no,cellular,800,2.0,0,unknown,1.0
id_13603,55.0,technician,divorced,tertiary,no,2849.0,yes,yes,cellular,834,2.0,0,unknown,1.0
id_13401,54.0,technician,married,secondary,no,2849.0,no,no,cellular,928,1.0,0,unknown,1.0
id_8784,29.0,management,married,tertiary,no,2848.0,yes,yes,cellular,991,1.0,0,unknown,1.0
id_29259,21.0,management,single,tertiary,no,2844.0,no,no,cellular,906,2.0,0,unknown,1.0
id_39866,43.0,blue-collar,single,unknown,no,2837.0,yes,no,unknown,878,1.0,0,unknown,1.0
id_26757,51.0,blue-collar,married,primary,no,2834.0,yes,no,cellular,916,4.0,12,other,1.0
id_14164,68.0,retired,married,tertiary,no,2823.0,no,no,cellular,786,2.0,0,unknown,1.0
id_24687,37.0,technician,divorced,secondary,no,2820.0,yes,no,cellular,867,1.0,6,failure,1.0
id_6531,52.0,management,married,tertiary,no,2817.0,no,no,cellular,992,1.0,0,unknown,1.0
id_15711,70.0,retired,married,tertiary,no,2812.0,no,no,cellular,810,1.0,7,success,1.0
id_39517,58.0,admin.,single,secondary,no,2810.0,yes,no,cellular,772,1.0,0,unknown,1.0
id_14628,29.0,blue-collar,single,secondary,no,2809.0,no,no,cellular,738,1.0,5,other,1.0
id_12891,45.0,management,married,tertiary,no,2806.0,no,no,cellular,795,2.0,0,unknown,1.0
id_30457,46.0,unemployed,married,tertiary,no,2806.0,no,no,cellular,822,2.0,0,unknown,1.0
id_25648,46.0,services,divorced,primary,no,2806.0,no,yes,cellular,822,2.0,0,unknown,1.0
id_39994,59.0,retired,married,secondary,no,2805.0,yes,yes,cellular,957,1.0,0,unknown,1.0
id_41855,27.0,admin.,single,secondary,no,2800.0,no,yes,telephone,704,2.0,2,failure,1.0
id_35006,26.0,services,single,secondary,no,2797.0,no,no,cellular,859,1.0,0,unknown,1.0
id_24945,59.0,housemaid,married,primary,no,2785.0,no,no,cellular,803,4.0,0,unknown,1.0
id_21920,24.0,management,single,tertiary,no,2782.0,no,no,cellular,860,2.0,3,success,1.0
id_22276,32.0,admin.,married,unknown,no,2777.0,no,no,cellular,703,1.0,0,unknown,1.0
id_41634,35.0,technician,divorced,secondary,no,2772.0,yes,no,cellular,899,1.0,0,unknown,1.0
id_18566,33.0,blue-collar,married,secondary,no,2764.0,yes,no,cellular,888,1.0,0,unknown,1.0
id_1961,55.0,retired,divorced,secondary,no,2764.0,no,no,cellular,829,1.0,0,unknown,1.0
id_4963,31.0,student,single,tertiary,no,2761.0,no,no,cellular,701,1.0,0,unknown,1.0
id_9493,59.0,management,married,tertiary,no,2761.0,no,no,cellular,874,1.0,1,failure,1.0
id_1135,57.0,retired,married,secondary,no,2753.0,yes,yes,cellular,705,1.0,2,failure,1.0
id_38581,46.0,blue-collar,married,primary,no,2751.0,yes,no,cellular,906,2.0,1,failure,1.0
id_33131,52.0,technician,divorced,secondary,no,2748.0,yes,no,cellular,992,2.0,0,unknown,1.0
id_33052,41.0,admin.,single,secondary,no,2744.0,yes,no,cellular,898,1.0,1,failure,1.0
id_19321,29.0,admin.,single,unknown,no,2734.0,no,no,cellular,837,1.0,0,unknown,1.0
id_44457,51.0,blue-collar,divorced,secondary,no,2720.0,no,no,cellular,814,4.0,0,unknown,1.0
id_15088,52.0,admin.,divorced,secondary,no,2718.0,no,no,telephone,704,1.0,2,failure,1.0
id_15322,58.0,retired,married,secondary,no,2717.0,no,no,cellular,880,1.0,2,failure,1.0
id_44810,63.0,retired,married,secondary,no,2717.0,no,no,cellular,1001,1.0,0,unknown,1.0
id_36605,52.0,management,married,tertiary,no,2707.0,yes,no,cellular,702,1.0,0,unknown,1.0
id_29427,74.0,retired,divorced,primary,no,2696.0,no,no,cellular,913,5.0,2,success,1.0
id_5722,33.0,admin.,single,unknown,no,2688.0,yes,no,cellular,888,2.0,0,unknown,1.0
id_41808,25.0,services,single,secondary,no,2685.0,no,yes,unknown,790,1.0,0,unknown,1.0
id_10595,38.0,management,single,tertiary,no,2681.0,no,yes,cellular,702,2.0,0,unknown,1.0
id_22060,51.0,retired,divorced,tertiary,no,2678.0,yes,no,cellular,892,1.0,0,unknown,1.0
id_9835,36.0,services,married,secondary,no,2677.0,no,no,cellular,755,2.0,1,success,1.0
id_500,33.0,management,single,tertiary,no,2671.0,yes,no,cellular,703,1.0,2,success,1.0
id_31985,32.0,self-employed,married,tertiary,no,2667.0,no,no,telephone,837,2.0,9,other,1.0
id_41858,23.0,blue-collar,single,secondary,no,2667.0,yes,no,cellular,920,1.0,0,unknown,1.0
id_12384,47.0,admin.,divorced,secondary,no,2660.0,no,no,unknown,869,2.0,0,unknown,1.0
id_38798,61.0,entrepreneur,divorced,primary,no,2652.0,no,no,cellular,838,2.0,0,unknown,1.0
id_19913,33.0,management,single,tertiary,no,2649.0,no,no,cellular,740,1.0,10,success,1.0
id_12016,37.0,management,single,tertiary,no,2645.0,no,no,cellular,740,1.0,1,success,1.0
id_32997,78.0,retired,married,primary,no,2635.0,no,no,cellular,786,2.0,0,unknown,1.0
id_6595,44.0,services,single,secondary,no,2627.0,yes,no,cellular,703,1.0,0,unknown,1.0
id_21045,67.0,retired,married,secondary,no,2625.0,no,no,cellular,781,2.0,0,unknown,1.0
id_5984,50.0,services,married,primary,no,2620.0,yes,no,cellular,701,2.0,0,unknown,1.0
id_41010,32.0,unemployed,single,secondary,no,2619.0,no,no,cellular,885,1.0,2,other,1.0
id_21659,55.0,services,married,primary,no,2619.0,yes,no,cellular,901,2.0,2,failure,1.0
id_33154,32.0,services,single,secondary,no,2617.0,no,no,cellular,703,1.0,0,unknown,1.0
id_43781,37.0,technician,divorced,tertiary,no,2615.0,yes,no,cellular,823,2.0,0,unknown,1.0
id_6605,27.0,management,single,secondary,no,2609.0,no,no,cellular,874,1.0,0,unknown,1.0
id_10647,53.0,housemaid,married,primary,no,2607.0,no,no,unknown,866,1.0,0,unknown,1.0
id_44565,58.0,technician,married,unknown,no,2607.0,no,no,telephone,992,2.0,0,unknown,1.0
id_14964,44.0,admin.,married,secondary,no,2604.0,no,no,cellular,759,1.0,0,unknown,1.0
id_3296,37.0,admin.,single,secondary,no,2600.0,yes,no,cellular,703,1.0,0,unknown,1.0
id_40945,58.0,technician,divorced,secondary,no,2598.0,yes,no,cellular,785,2.0,0,unknown,1.0
id_2259,49.0,entrepreneur,married,primary,no,2598.0,yes,no,telephone,701,1.0,0,unknown,1.0
id_2234,31.0,management,married,tertiary,no,2596.0,no,no,cellular,706,1.0,2,success,1.0
id_25851,38.0,admin.,married,secondary,no,2595.0,yes,yes,cellular,929,1.0,2,other,1.0
id_43143,40.0,admin.,married,secondary,no,2594.0,no,no,cellular,705,1.0,0,unknown,1.0
id_25649,74.0,retired,married,primary,no,2591.0,no,no,telephone,709,3.0,12,failure,1.0
id_6519,75.0,retired,married,primary,no,2586.0,no,no,telephone,802,1.0,20,failure,1.0
id_6022,47.0,blue-collar,married,primary,no,2585.0,yes,no,telephone,702,2.0,6,failure,1.0
id_30718,31.0,technician,single,secondary,no,2583.0,no,no,cellular,881,1.0,1,failure,1.0
id_32396,41.0,blue-collar,married,primary,no,2583.0,no,no,telephone,702,2.0,0,unknown,1.0
id_35374,34.0,management,married,tertiary,no,2581.0,no,no,cellular,703,1.0,0,unknown,1.0
id_13609,54.0,housemaid,married,primary,no,2581.0,no,no,cellular,732,1.0,1,failure,1.0
id_26569,55.0,blue-collar,married,primary,no,2579.0,no,no,cellular,794,7.0,0,unknown,1.0
id_18279,53.0,management,married,tertiary,no,2579.0,no,no,cellular,705,1.0,0,unknown,1.0
id_21414,61.0,housemaid,married,primary,no,2577.0,no,no,telephone,902,5.0,0,unknown,1.0
id_42709,50.0,housemaid,married,primary,no,2576.0,no,no,cellular,921,1.0,0,unknown,1.0
id_22838,58.0,housemaid,married,primary,no,2575.0,no,no,cellular,767,3.0,7,other,1.0
id_21477,35.0,management,single,tertiary,no,2572.0,yes,no,cellular,893,1.0,0,unknown,1.0
id_22629,38.0,blue-collar,married,primary,no,2572.0,no,no,unknown,866,1.0,0,unknown,1.0
id_115,40.0,services,married,primary,no,2571.0,yes,no,cellular,892,1.0,2,failure,1.0
id_35176,31.0,management,single,tertiary,no,2565.0,no,no,cellular,663,1.0,0,unknown,1.0
id_22945,48.0,technician,married,tertiary,no,2564.0,yes,no,cellular,835,1.0,0,unknown,1.0
id_7510,32.0,self-employed,single,tertiary,no,2562.0,no,no,cellular,838,1.0,0,unknown,1.0
id_42047,42.0,admin.,married,secondary,no,2558.0,no,no,telephone,1000,2.0,0,unknown,1.0
id_19202,51.0,technician,married,tertiary,no,2557.0,no,no,cellular,837,1.0,1,other,1.0
id_40833,60.0,retired,married,secondary,no,2553.0,no,no,cellular,800,2.0,0,unknown,1.0
id_28119,64.0,retired,married,tertiary,no,2552.0,yes,no,cellular,712,1.0,8,success,1.0
id_38768,34.0,admin.,single,secondary,no,2552.0,yes,no,cellular,923,1.0,0,unknown,1.0
id_24738,47.0,unemployed,married,secondary,no,2550.0,no,no,cellular,802,2.0,0,unknown,1.0
id_20907,28.0,technician,single,secondary,no,2547.0,no,no,cellular,1014,1.0,2,success,1.0
id_10591,29.0,technician,single,secondary,no,2545.0,no,no,cellular,928,2.0,0,unknown,1.0
id_3618,34.0,management,married,tertiary,no,2545.0,no,no,cellular,814,1.0,0,unknown,1.0
id_8216,40.0,blue-collar,divorced,secondary,no,2542.0,yes,no,cellular,891,2.0,1,failure,1.0
id_32192,59.0,retired,divorced,primary,no,2541.0,yes,no,cellular,814,6.0,0,unknown,1.0
id_22886,41.0,blue-collar,divorced,secondary,no,2539.0,yes,no,unknown,892,1.0,0,unknown,1.0
id_28519,68.0,retired,married,unknown,no,2538.0,no,no,telephone,861,5.0,4,other,1.0
id_25310,68.0,retired,married,unknown,no,2535.0,no,no,telephone,769,3.0,9,success,1.0
id_24974,48.0,admin.,married,secondary,no,2535.0,no,no,cellular,907,2.0,1,failure,1.0
id_35145,43.0,services,married,tertiary,no,2519.0,yes,no,cellular,703,1.0,0,unknown,1.0
id_24877,48.0,entrepreneur,divorced,secondary,no,2516.0,yes,no,cellular,702,2.0,0,unknown,1.0
id_32069,48.0,admin.,divorced,secondary,no,2510.0,yes,yes,unknown,891,1.0,0,unknown,1.0
id_33003,54.0,blue-collar,married,unknown,no,2507.0,no,no,telephone,884,2.0,0,unknown,1.0
id_34181,26.0,student,single,unknown,no,2501.0,no,no,cellular,969,2.0,0,unknown,1.0
id_37422,40.575475409836066,management,married,tertiary,no,2499.0,no,no,cellular,800,2.0,0,unknown,1.0
id_33649,33.0,blue-collar,married,secondary,no,2498.0,yes,no,cellular,916,1.0,1,failure,1.0
id_2721,49.0,blue-collar,married,unknown,no,2495.0,no,no,cellular,786,3.0,0,unknown,1.0
id_12711,48.0,technician,married,secondary,no,2493.0,yes,no,cellular,701,1.0,1,failure,1.0
id_22100,22.0,student,single,secondary,no,2490.0,no,no,cellular,714,2.0,10,other,1.0
id_17178,50.0,blue-collar,married,primary,no,2489.0,no,no,cellular,801,2.0,0,unknown,1.0
id_8278,49.0,technician,married,secondary,no,2481.0,no,no,cellular,808,2.0,0,unknown,1.0
id_9260,59.0,services,married,secondary,no,2479.0,yes,no,cellular,807,1.0,1,success,1.0
id_161,27.0,services,single,tertiary,no,2474.0,yes,no,cellular,823,1.0,0,unknown,1.0
id_8686,37.0,management,married,tertiary,no,2474.0,no,no,cellular,704,2.0,0,unknown,1.0
id_5959,52.0,housemaid,married,tertiary,no,2469.0,no,no,cellular,962,2.0,0,unknown,1.0
id_34326,36.0,blue-collar,married,primary,no,2465.0,yes,no,cellular,824,1.0,0,unknown,1.0
id_44934,37.0,management,married,tertiary,no,2462.0,no,no,cellular,860,2.0,4,other,1.0
id_39088,36.0,management,married,tertiary,no,2448.0,no,no,cellular,702,2.0,0,unknown,1.0
id_10953,30.0,management,married,tertiary,no,2445.0,yes,yes,cellular,703,1.0,0,unknown,1.0
id_34430,34.0,management,married,secondary,no,2441.0,no,no,cellular,991,1.0,0,unknown,1.0
id_35375,33.0,self-employed,married,tertiary,no,2423.0,no,no,telephone,873,2.0,1,other,1.0
id_37685,44.0,management,divorced,tertiary,no,2422.0,yes,no,cellular,824,2.0,0,unknown,1.0
id_40395,29.0,unemployed,single,secondary,no,2420.0,no,no,cellular,710,1.0,1,failure,1.0
id_16671,30.0,technician,married,secondary,no,2419.0,yes,no,cellular,703,1.0,0,unknown,1.0
id_39734,45.0,self-employed,married,tertiary,no,2419.0,no,no,cellular,703,1.0,4,failure,1.0
id_39854,40.575475409836066,blue-collar,married,tertiary,no,2407.0,yes,no,telephone,702,1.0,0,unknown,1.0
id_17130,47.0,services,married,primary,no,2404.0,yes,yes,cellular,916,2.0,0,unknown,1.0
id_10165,51.0,admin.,single,secondary,no,2402.0,yes,no,cellular,812,1.0,2,failure,1.0
id_38346,54.0,admin.,single,secondary,no,2396.0,yes,no,cellular,719,1.0,0,unknown,1.0
id_19247,38.0,technician,married,secondary,no,2395.0,no,no,cellular,800,2.0,0,unknown,1.0
id_12550,36.0,services,divorced,secondary,no,2393.0,yes,no,cellular,703,1.0,0,unknown,1.0
id_16324,40.575475409836066,admin.,married,primary,no,2392.0,no,yes,cellular,703,2.0,0,unknown,1.0
id_10629,41.0,services,married,primary,no,2388.0,yes,no,cellular,899,2.0,0,unknown,1.0
id_15756,47.0,blue-collar,married,primary,no,2385.0,no,no,cellular,803,2.0,0,unknown,1.0
id_27988,32.0,admin.,married,secondary,no,2378.0,yes,yes,telephone,835,1.0,0,unknown,1.0
id_11484,40.0,blue-collar,married,secondary,no,2375.0,no,no,cellular,815,2.0,0,unknown,1.0
id_28913,35.0,admin.,married,secondary,no,2374.0,yes,no,cellular,713,1.0,2,failure,1.0
id_42173,35.0,management,married,tertiary,no,2368.0,yes,no,cellular,895,1.0,0,unknown,1.0
id_10931,60.0,management,married,primary,no,2357.0,yes,no,cellular,919,1.0,0,unknown,1.0
id_15052,37.0,admin.,single,primary,no,2356.0,yes,no,unknown,859,1.0,0,unknown,1.0
id_41790,62.0,management,married,unknown,no,2356.0,no,no,cellular,714,3.0,13,success,1.0
id_44952,48.0,blue-collar,married,primary,no,2353.0,no,yes,telephone,831,2.0,0,unknown,1.0
id_22287,58.0,housemaid,married,primary,no,2352.0,no,no,unknown,866,1.0,0,unknown,1.0
id_16258,45.0,management,married,tertiary,no,2350.0,no,no,cellular,873,2.0,1,success,1.0
id_42811,56.0,self-employed,married,primary,no,2349.0,no,yes,telephone,815,3.0,0,unknown,1.0
id_1505,47.0,management,married,tertiary,no,2346.0,no,no,cellular,957,1.0,0,unknown,1.0
id_11181,34.0,management,single,tertiary,no,2338.0,no,no,cellular,827,1.0,0,unknown,1.0
id_40423,66.0,entrepreneur,married,tertiary,no,2333.0,no,no,telephone,986,1.0,1,success,1.0
id_870,54.0,management,married,tertiary,no,2331.0,no,no,cellular,902,1.0,0,unknown,1.0
id_33765,29.0,technician,single,tertiary,no,2326.0,no,no,cellular,712,1.0,8,success,1.0
id_39390,31.0,student,single,unknown,no,2325.0,no,no,cellular,713,2.0,5,failure,1.0
id_43484,27.0,technician,single,tertiary,no,2324.0,no,no,cellular,993,1.0,0,unknown,1.0
id_39829,49.0,blue-collar,married,secondary,no,2322.0,yes,no,cellular,929,1.0,0,unknown,1.0
id_40139,32.0,technician,married,secondary,no,2322.0,no,no,cellular,678,1.0,2,failure,1.0
id_22370,38.0,admin.,married,secondary,no,2319.0,no,no,cellular,838,1.0,0,unknown,1.0
id_27678,27.0,self-employed,married,tertiary,no,2304.0,no,no,cellular,879,2.0,0,unknown,1.0
id_35076,31.0,admin.,divorced,secondary,no,2298.0,yes,no,cellular,990,2.0,2,failure,1.0
id_29397,53.0,services,divorced,primary,no,2298.0,yes,no,unknown,900,2.0,0,unknown,1.0
id_14017,59.0,management,single,tertiary,no,2296.0,no,no,cellular,801,2.0,0,unknown,1.0
id_42773,25.0,admin.,single,secondary,no,2294.0,yes,no,cellular,888,1.0,0,unknown,1.0
id_29026,31.0,management,married,secondary,no,2292.0,no,no,cellular,794,2.0,0,unknown,1.0
id_42213,36.0,blue-collar,married,primary,no,2288.0,yes,no,cellular,891,1.0,0,unknown,1.0
id_32989,29.0,admin.,married,secondary,no,2287.0,yes,no,cellular,703,1.0,0,unknown,1.0
id_34726,37.0,management,divorced,tertiary,no,2285.0,no,no,cellular,704,3.0,0,unknown,1.0
id_44101,34.0,technician,single,tertiary,no,2281.0,no,no,cellular,702,1.0,0,unknown,1.0
id_16900,37.0,management,married,tertiary,no,2281.0,yes,yes,cellular,893,1.0,0,unknown,1.0
id_37892,61.0,unknown,married,unknown,no,2278.0,no,no,telephone,776,1.0,0,unknown,1.0
id_12024,48.0,admin.,married,tertiary,no,2278.0,yes,yes,cellular,879,1.0,0,unknown,1.0
id_26177,41.0,blue-collar,married,primary,no,2277.0,yes,no,cellular,922,2.0,3,failure,1.0
id_27627,97.0,retired,divorced,primary,no,2277.0,no,no,telephone,915,17.0,0,unknown,1.0
id_22942,21.0,services,single,secondary,no,2269.0,no,yes,cellular,843,1.0,0,unknown,1.0
id_10202,35.0,management,married,tertiary,no,2268.0,yes,no,cellular,829,1.0,0,unknown,1.0
id_2547,50.0,housemaid,divorced,primary,no,2256.0,yes,no,cellular,821,1.0,0,unknown,1.0
id_31315,37.0,admin.,married,secondary,no,2250.0,no,no,telephone,993,2.0,0,unknown,1.0
id_30395,38.0,technician,single,secondary,no,2246.0,no,yes,cellular,794,2.0,0,unknown,1.0
id_10855,35.0,management,divorced,tertiary,no,2244.0,no,no,cellular,872,1.0,0,unknown,1.0
id_23461,36.0,blue-collar,married,primary,no,2243.0,yes,no,cellular,703,1.0,1,failure,1.0
id_35794,44.0,housemaid,married,primary,no,2242.0,no,no,telephone,816,2.0,0,unknown,1.0
id_24110,53.0,retired,married,primary,no,2238.0,no,no,unknown,863,1.0,0,unknown,1.0
id_23376,43.0,entrepreneur,married,secondary,no,2234.0,yes,no,cellular,823,1.0,0,unknown,1.0
id_11469,74.0,retired,married,primary,no,2226.0,no,no,telephone,804,2.0,1,success,1.0
id_17404,56.0,services,divorced,primary,no,2223.0,yes,no,cellular,888,4.0,0,unknown,1.0
id_14931,53.0,admin.,single,unknown,no,2222.0,no,no,cellular,971,2.0,0,unknown,1.0
id_36684,47.0,blue-collar,single,unknown,no,2220.0,no,no,unknown,859,2.0,0,unknown,1.0
id_25946,75.0,retired,married,primary,no,2219.0,no,no,telephone,991,1.0,0,unknown,1.0
id_4856,24.0,technician,single,tertiary,no,2209.0,yes,no,cellular,860,1.0,0,unknown,1.0
id_43822,52.0,management,married,secondary,no,2206.0,yes,no,telephone,704,1.0,0,unknown,1.0
id_17787,57.0,retired,divorced,secondary,no,2203.0,no,no,cellular,973,1.0,1,failure,1.0
id_42906,36.0,technician,married,secondary,no,2200.0,no,no,telephone,924,1.0,0,unknown,1.0
id_44672,72.0,retired,divorced,secondary,no,2195.0,no,no,telephone,709,1.0,0,unknown,1.0
id_43214,57.0,management,divorced,tertiary,no,2190.0,no,no,cellular,991,1.0,0,unknown,1.0
id_4674,41.0,technician,divorced,secondary,no,2179.0,no,no,cellular,786,10.0,0,unknown,1.0
id_41951,68.0,retired,married,primary,no,2176.0,no,no,cellular,830,1.0,5,failure,1.0
id_26136,55.0,management,divorced,tertiary,no,2170.0,yes,yes,telephone,704,1.0,0,unknown,1.0
id_37625,61.0,admin.,single,secondary,no,2166.0,yes,yes,cellular,899,1.0,0,unknown,1.0
id_35085,23.0,services,single,secondary,no,2162.0,yes,yes,telephone,870,1.0,0,unknown,1.0
id_19033,35.0,management,married,tertiary,no,2161.0,no,no,cellular,958,2.0,3,success,1.0
id_32876,56.0,admin.,married,secondary,no,2160.0,yes,yes,cellular,901,1.0,0,unknown,1.0
id_2850,54.0,blue-collar,married,primary,no,2160.0,no,no,telephone,814,3.0,0,unknown,1.0
id_22590,23.0,technician,single,secondary,no,2159.0,yes,no,cellular,824,1.0,0,unknown,1.0
id_1967,47.0,blue-collar,married,secondary,no,2156.0,no,no,cellular,919,1.0,0,unknown,1.0
id_29547,38.0,blue-collar,married,secondary,no,2149.0,yes,no,cellular,705,1.0,0,unknown,1.0
id_2616,47.0,blue-collar,single,primary,no,2143.0,yes,no,cellular,899,2.0,2,other,1.0
id_12106,84.0,housemaid,married,primary,no,2141.0,no,no,cellular,777,3.0,8,other,1.0
id_34329,39.0,services,divorced,secondary,no,2137.0,yes,no,cellular,920,1.0,0,unknown,1.0
id_6097,61.0,retired,married,tertiary,no,2137.0,no,no,cellular,739,2.0,0,unknown,1.0
id_44322,61.0,retired,divorced,tertiary,no,2133.0,no,no,cellular,835,6.0,0,unknown,1.0
id_5474,31.0,management,single,tertiary,no,2130.0,no,no,cellular,712,2.0,0,unknown,1.0
id_4624,53.0,management,divorced,tertiary,no,2126.0,yes,no,cellular,705,1.0,0,unknown,1.0
id_4824,58.0,retired,married,secondary,no,2121.0,no,no,cellular,927,1.0,0,unknown,1.0
id_39242,28.0,admin.,married,secondary,no,2120.0,no,no,cellular,920,1.0,2,other,1.0
id_24840,31.0,management,single,tertiary,no,2119.0,no,no,cellular,803,2.0,0,unknown,1.0
id_40071,32.0,blue-collar,married,primary,no,2117.0,yes,no,telephone,919,1.0,0,unknown,1.0
id_26178,46.0,blue-collar,married,primary,no,2115.0,no,no,telephone,800,2.0,0,unknown,1.0
id_10061,36.0,services,single,secondary,no,2112.0,no,yes,cellular,838,1.0,0,unknown,1.0
id_29548,51.0,technician,married,secondary,no,2099.0,yes,no,cellular,931,1.0,2,failure,1.0
id_42120,52.0,self-employed,married,unknown,no,2096.0,no,no,cellular,867,6.0,0,unknown,1.0
id_26871,37.0,entrepreneur,married,tertiary,no,2091.0,yes,no,cellular,823,1.0,0,unknown,1.0
id_11711,43.0,admin.,divorced,secondary,no,2089.0,no,no,cellular,702,3.0,0,unknown,1.0
id_1846,47.0,housemaid,divorced,primary,no,2081.0,yes,no,cellular,827,2.0,0,unknown,1.0
id_4577,54.0,management,single,tertiary,no,2079.0,no,no,cellular,860,1.0,0,unknown,1.0
id_35997,39.0,blue-collar,married,primary,no,2077.0,yes,yes,cellular,892,1.0,2,failure,1.0
id_20420,31.0,admin.,single,secondary,no,2077.0,no,yes,cellular,704,1.0,7,other,1.0
id_41703,72.0,retired,married,primary,no,2076.0,no,no,cellular,801,1.0,3,other,1.0
id_37985,48.0,blue-collar,divorced,secondary,no,2070.0,no,no,cellular,892,1.0,0,unknown,1.0
id_28825,31.0,technician,married,tertiary,no,2069.0,no,no,cellular,794,2.0,0,unknown,1.0
id_12001,59.0,retired,married,secondary,no,2064.0,no,no,cellular,941,1.0,3,other,1.0
id_28535,59.0,housemaid,divorced,secondary,no,2061.0,no,no,cellular,879,1.0,2,failure,1.0
id_13908,52.0,blue-collar,divorced,primary,no,2059.0,yes,no,unknown,892,2.0,0,unknown,1.0
id_18636,34.0,blue-collar,single,unknown,no,2054.0,no,no,unknown,866,1.0,0,unknown,1.0
id_6621,51.0,management,divorced,tertiary,no,2040.0,no,no,cellular,993,1.0,0,unknown,1.0
id_13025,44.0,unemployed,married,secondary,no,2040.0,no,no,telephone,993,1.0,0,unknown,1.0
id_37936,29.0,unemployed,single,tertiary,no,2037.0,no,no,telephone,965,2.0,0,unknown,1.0
id_24381,35.0,management,married,tertiary,no,2037.0,no,no,cellular,677,2.0,0,unknown,1.0
id_36192,58.0,technician,married,secondary,no,2035.0,no,no,cellular,702,2.0,0,unknown,1.0
id_37030,41.0,technician,married,secondary,no,2032.0,no,yes,cellular,990,1.0,1,other,1.0
id_3729,66.0,retired,divorced,primary,no,2030.0,no,no,cellular,769,2.0,4,success,1.0
id_29196,47.0,self-employed,single,primary,no,2027.0,no,no,cellular,815,2.0,0,unknown,1.0
id_4062,67.0,retired,divorced,primary,no,2026.0,no,no,cellular,952,2.0,0,unknown,1.0
id_1299,58.0,unemployed,divorced,secondary,no,2026.0,no,no,cellular,800,3.0,1,failure,1.0
id_1291,36.0,housemaid,single,secondary,no,2023.0,no,no,unknown,869,1.0,0,unknown,1.0
id_17958,23.0,student,single,unknown,no,2021.0,no,no,telephone,998,3.0,0,unknown,1.0
id_2996,60.0,housemaid,married,unknown,no,2020.0,no,no,telephone,969,1.0,0,unknown,1.0
id_20994,41.0,technician,single,secondary,no,2019.0,yes,no,cellular,998,1.0,1,other,1.0
id_14783,36.0,management,married,tertiary,no,2017.0,yes,no,cellular,893,1.0,0,unknown,1.0
id_8235,27.0,blue-collar,single,secondary,no,2007.0,no,no,cellular,1014,2.0,0,unknown,1.0
id_8281,55.0,services,married,unknown,no,2006.0,no,no,cellular,859,1.0,0,unknown,1.0
id_18905,61.0,housemaid,married,primary,no,2005.0,no,no,cellular,807,2.0,0,unknown,1.0
id_3925,43.0,technician,single,secondary,no,2004.0,yes,no,cellular,703,1.0,0,unknown,1.0
id_33262,63.0,retired,married,primary,no,1994.0,no,no,telephone,720,1.0,0,unknown,1.0
id_40180,41.0,management,married,tertiary,no,1988.0,no,no,cellular,703,1.0,1,failure,1.0
id_20961,59.0,retired,married,primary,no,1984.0,no,no,telephone,831,4.0,0,unknown,1.0
id_25420,39.0,management,single,tertiary,no,1979.0,no,no,cellular,701,1.0,0,unknown,1.0
id_8170,52.0,services,divorced,tertiary,no,1978.0,yes,no,telephone,703,1.0,0,unknown,1.0
id_16654,34.0,unemployed,single,tertiary,no,1976.0,no,no,cellular,991,1.0,0,unknown,1.0
id_41361,32.0,blue-collar,single,secondary,no,1975.0,yes,yes,cellular,900,1.0,0,unknown,1.0
id_4957,37.0,blue-collar,married,secondary,no,1972.0,yes,yes,cellular,893,1.0,0,unknown,1.0
id_38444,46.0,self-employed,divorced,secondary,no,1963.0,yes,no,cellular,991,2.0,3,other,1.0
id_7275,54.0,admin.,single,secondary,no,1963.0,no,yes,unknown,878,1.0,0,unknown,1.0
id_27010,34.0,blue-collar,single,primary,no,1955.0,yes,no,cellular,893,1.0,0,unknown,1.0
id_23397,42.0,blue-collar,married,primary,no,1954.0,no,no,cellular,802,2.0,0,unknown,1.0
id_30133,34.0,management,single,tertiary,no,1952.0,yes,yes,cellular,773,1.0,0,unknown,1.0
id_35337,56.0,retired,married,primary,no,1949.0,no,no,cellular,780,1.0,7,success,1.0
id_43731,46.0,blue-collar,married,secondary,no,1948.0,no,no,cellular,829,1.0,0,unknown,1.0
id_21492,46.0,management,married,tertiary,no,1947.0,no,no,cellular,779,2.0,0,unknown,1.0
id_10302,52.0,blue-collar,married,primary,no,1947.0,no,no,cellular,800,2.0,0,unknown,1.0
id_11042,50.0,blue-collar,married,secondary,no,1945.0,no,no,cellular,734,1.0,1,success,1.0
id_28707,57.0,technician,married,secondary,no,1940.0,no,yes,cellular,969,1.0,4,success,1.0
id_3149,29.0,services,single,secondary,no,1936.0,no,no,cellular,754,1.0,0,unknown,1.0
id_22507,40.0,management,divorced,tertiary,no,1929.0,yes,yes,cellular,997,1.0,0,unknown,1.0
id_3500,35.0,admin.,married,secondary,no,1928.0,yes,no,cellular,920,1.0,0,unknown,1.0
id_6430,35.0,technician,single,tertiary,no,1926.0,yes,no,cellular,916,1.0,0,unknown,1.0
id_30141,38.0,admin.,single,secondary,no,1924.0,yes,no,cellular,704,1.0,1,other,1.0
id_44964,25.0,student,single,secondary,no,1923.0,yes,no,cellular,891,1.0,4,failure,1.0
id_24219,27.0,management,single,secondary,no,1921.0,no,yes,cellular,837,1.0,0,unknown,1.0
id_14547,50.0,blue-collar,divorced,secondary,no,1907.0,yes,yes,cellular,817,2.0,0,unknown,1.0
id_44463,30.0,management,married,tertiary,no,1907.0,no,no,cellular,809,1.0,0,unknown,1.0
id_27153,55.0,management,married,tertiary,no,1905.0,no,no,cellular,906,2.0,7,other,1.0
id_36457,29.0,blue-collar,married,secondary,no,1903.0,no,no,cellular,894,1.0,0,unknown,1.0
id_9426,45.0,technician,married,secondary,no,1896.0,no,no,cellular,808,2.0,0,unknown,1.0
id_9482,54.0,services,married,primary,no,1895.0,no,no,cellular,816,4.0,0,unknown,1.0
id_13458,37.0,technician,single,tertiary,no,1894.0,yes,no,cellular,894,1.0,7,other,1.0
id_42607,40.575475409836066,self-employed,married,secondary,no,1881.0,yes,yes,cellular,702,2.0,11,failure,1.0
id_35323,37.0,management,single,tertiary,no,1879.0,no,no,cellular,902,1.0,0,unknown,1.0
id_23678,36.0,technician,single,tertiary,no,1877.0,no,no,cellular,886,1.0,0,unknown,1.0
id_8767,54.0,services,divorced,unknown,no,1877.0,yes,no,unknown,876,1.0,0,unknown,1.0
id_43737,40.0,unemployed,married,secondary,no,1874.0,no,no,cellular,701,1.0,0,unknown,1.0
id_22420,36.0,blue-collar,married,primary,no,1874.0,yes,no,cellular,993,1.0,0,unknown,1.0
id_22799,57.0,admin.,divorced,secondary,no,1873.0,no,no,cellular,879,3.0,5,success,1.0
id_31574,25.0,admin.,single,secondary,no,1868.0,no,no,cellular,871,1.0,0,unknown,1.0
id_31090,27.0,admin.,single,secondary,no,1866.0,no,no,cellular,775,1.0,1,success,1.0
id_18236,60.0,technician,married,secondary,no,1861.0,no,no,telephone,992,2.0,1,other,1.0
id_13307,42.0,services,married,secondary,no,1859.0,yes,no,telephone,900,1.0,0,unknown,1.0
id_41765,25.0,blue-collar,single,secondary,no,1855.0,yes,no,cellular,745,1.0,5,other,1.0
id_4772,60.0,retired,married,secondary,no,1854.0,no,no,telephone,804,1.0,2,success,1.0
id_23815,32.0,management,married,tertiary,no,1852.0,no,no,cellular,993,2.0,0,unknown,1.0
id_43909,31.0,services,single,secondary,no,1850.0,no,no,telephone,970,1.0,3,other,1.0
id_18531,39.0,management,married,tertiary,no,1850.0,no,no,cellular,893,2.0,1,failure,1.0
id_7212,38.0,blue-collar,married,secondary,no,1846.0,yes,no,cellular,895,1.0,0,unknown,1.0
id_41979,42.0,management,married,tertiary,no,1845.0,yes,no,cellular,900,1.0,0,unknown,1.0
id_17503,65.0,retired,married,unknown,no,1844.0,no,no,cellular,782,2.0,0,unknown,1.0
id_1904,54.0,retired,married,secondary,no,1844.0,no,no,cellular,674,2.0,1,success,1.0
id_15935,24.0,management,single,tertiary,no,1843.0,no,no,cellular,874,1.0,8,other,1.0
id_40773,47.0,blue-collar,married,primary,no,1839.0,no,no,unknown,856,1.0,0,unknown,1.0
id_39198,33.0,blue-collar,single,tertiary,no,1832.0,no,no,cellular,739,1.0,11,failure,1.0
id_17848,52.0,blue-collar,married,secondary,no,1831.0,yes,no,cellular,828,1.0,0,unknown,1.0
id_10748,45.0,technician,married,secondary,no,1828.0,no,no,cellular,879,2.0,0,unknown,1.0
id_29040,52.0,management,married,tertiary,no,1826.0,yes,no,cellular,916,1.0,0,unknown,1.0
id_32358,44.0,technician,divorced,unknown,no,1826.0,no,no,cellular,843,1.0,2,failure,1.0
id_6063,54.0,technician,married,secondary,no,1818.0,no,yes,cellular,705,2.0,4,failure,1.0
id_6929,47.0,unknown,single,unknown,no,1818.0,no,no,cellular,781,1.0,1,failure,1.0
id_3183,38.0,blue-collar,married,primary,no,1818.0,no,yes,cellular,831,3.0,0,unknown,1.0
id_5077,41.0,technician,married,secondary,no,1818.0,no,no,cellular,870,2.0,0,unknown,1.0
id_28555,55.0,blue-collar,divorced,primary,no,1816.0,yes,no,cellular,888,1.0,0,unknown,1.0
id_36458,57.0,admin.,married,secondary,no,1815.0,yes,no,telephone,828,1.0,0,unknown,1.0
id_16714,41.0,admin.,divorced,secondary,no,1815.0,yes,no,unknown,892,1.0,0,unknown,1.0
id_32207,43.0,unemployed,single,tertiary,no,1811.0,no,no,cellular,701,1.0,0,unknown,1.0
id_36734,40.575475409836066,management,married,tertiary,no,1808.0,no,no,cellular,906,1.0,0,unknown,1.0
id_40295,39.0,management,married,tertiary,no,1806.0,no,no,cellular,704,1.0,0,unknown,1.0
id_45097,29.0,management,single,tertiary,no,1803.0,no,no,cellular,906,1.0,0,unknown,1.0
id_34809,36.0,management,married,tertiary,no,1803.0,no,no,cellular,733,1.0,1,failure,1.0
id_3816,29.0,admin.,single,secondary,no,1802.0,yes,no,cellular,894,1.0,0,unknown,1.0
id_13633,37.0,admin.,divorced,secondary,no,1801.0,no,no,cellular,998,2.0,0,unknown,1.0
id_19081,44.0,admin.,married,secondary,no,1800.0,no,no,cellular,803,2.0,0,unknown,1.0
id_35851,34.0,management,married,tertiary,no,1800.0,no,no,cellular,702,1.0,0,unknown,1.0
id_21998,45.0,technician,married,tertiary,no,1798.0,no,no,cellular,998,2.0,0,unknown,1.0
id_16789,52.0,admin.,married,secondary,no,1795.0,no,no,telephone,677,1.0,1,failure,1.0
id_16239,34.0,management,married,tertiary,no,1792.0,yes,no,cellular,823,1.0,0,unknown,1.0
id_42871,49.0,services,single,unknown,no,1786.0,no,no,cellular,734,2.0,0,unknown,1.0
id_8074,45.0,management,married,tertiary,no,1785.0,no,no,cellular,809,2.0,0,unknown,1.0
id_42760,43.0,management,divorced,unknown,no,1784.0,no,yes,cellular,701,1.0,0,unknown,1.0
id_4787,33.0,management,single,secondary,no,1783.0,no,no,cellular,701,2.0,0,unknown,1.0
id_34851,32.0,services,married,secondary,no,1782.0,yes,yes,cellular,900,1.0,0,unknown,1.0
id_41226,30.0,management,single,tertiary,no,1782.0,no,no,cellular,928,1.0,0,unknown,1.0
id_2410,53.0,retired,married,tertiary,no,1779.0,no,no,cellular,800,1.0,2,failure,1.0
id_27189,40.0,blue-collar,single,primary,no,1777.0,no,yes,unknown,864,1.0,0,unknown,1.0
id_7913,35.0,management,married,tertiary,no,1777.0,no,no,cellular,983,1.0,0,unknown,1.0
id_17378,32.0,student,single,secondary,no,1776.0,no,no,cellular,860,1.0,1,other,1.0
id_8325,35.0,management,married,tertiary,no,1775.0,no,no,cellular,718,1.0,2,failure,1.0
id_4894,43.0,management,married,tertiary,no,1773.0,no,no,cellular,927,1.0,1,failure,1.0
id_10570,31.0,management,married,tertiary,no,1773.0,no,no,cellular,880,1.0,1,success,1.0
id_41737,34.0,technician,single,secondary,no,1767.0,yes,no,cellular,704,1.0,1,failure,1.0
id_23504,31.0,technician,single,secondary,no,1763.0,no,no,cellular,803,2.0,0,unknown,1.0
id_26707,32.0,management,single,tertiary,no,1759.0,no,no,cellular,794,1.0,0,unknown,1.0
id_28692,36.0,technician,divorced,tertiary,no,1757.0,yes,no,cellular,920,1.0,1,failure,1.0
id_25916,50.0,blue-collar,divorced,primary,no,1753.0,yes,no,unknown,891,1.0,0,unknown,1.0
id_23359,38.0,blue-collar,married,secondary,no,1751.0,no,no,cellular,836,2.0,0,unknown,1.0
id_26147,32.0,management,single,tertiary,no,1750.0,yes,no,cellular,731,1.0,4,success,1.0
id_14411,23.0,student,single,secondary,no,1745.0,no,no,cellular,793,2.0,0,unknown,1.0
id_2223,50.0,management,married,tertiary,no,1745.0,yes,yes,telephone,704,1.0,0,unknown,1.0
id_30356,42.0,technician,divorced,secondary,no,1742.0,no,no,cellular,807,2.0,0,unknown,1.0
id_2840,34.0,admin.,married,secondary,no,1741.0,no,no,cellular,800,2.0,2,failure,1.0
id_36556,46.0,management,married,primary,no,1739.0,no,no,unknown,866,1.0,0,unknown,1.0
id_533,26.0,management,single,tertiary,no,1738.0,yes,no,cellular,872,1.0,0,unknown,1.0
id_42886,46.0,retired,divorced,secondary,no,1735.0,no,yes,unknown,858,1.0,0,unknown,1.0
id_10292,53.0,services,divorced,secondary,no,1733.0,no,no,unknown,855,2.0,0,unknown,1.0
id_12552,38.0,management,single,tertiary,no,1730.0,no,no,cellular,948,1.0,0,unknown,1.0
id_2809,48.0,blue-collar,married,secondary,no,1727.0,yes,no,cellular,991,1.0,2,failure,1.0
id_42112,72.0,retired,divorced,primary,no,1726.0,no,no,cellular,705,2.0,0,unknown,1.0
id_28056,31.0,technician,single,unknown,no,1726.0,yes,no,cellular,930,1.0,0,unknown,1.0
id_31715,22.0,admin.,single,secondary,no,1723.0,yes,no,cellular,899,1.0,0,unknown,1.0
id_34677,28.0,management,married,tertiary,no,1723.0,yes,yes,cellular,827,1.0,0,unknown,1.0
id_31062,45.0,blue-collar,married,secondary,no,1720.0,no,no,cellular,858,2.0,7,failure,1.0
id_39288,50.0,services,single,secondary,no,1720.0,yes,no,cellular,929,1.0,0,unknown,1.0
id_25687,72.0,retired,married,secondary,no,1717.0,no,no,telephone,978,1.0,0,unknown,1.0
id_12218,28.0,management,single,tertiary,no,1715.0,no,no,cellular,769,1.0,4,success,1.0
id_1653,46.0,technician,single,secondary,no,1713.0,no,yes,cellular,829,2.0,0,unknown,1.0
id_2015,50.0,management,married,unknown,no,1705.0,no,no,unknown,777,1.0,4,failure,1.0
id_43546,35.0,blue-collar,single,primary,no,1700.0,no,no,cellular,986,4.0,0,unknown,1.0
id_21558,27.0,technician,single,tertiary,no,1693.0,no,no,cellular,870,2.0,0,unknown,1.0
id_18416,54.0,management,married,primary,no,1692.0,yes,no,cellular,702,1.0,0,unknown,1.0
id_16121,35.0,entrepreneur,divorced,tertiary,no,1690.0,no,no,cellular,822,1.0,0,unknown,1.0
id_9425,51.0,services,married,secondary,no,1685.0,no,no,telephone,836,1.0,0,unknown,1.0
id_19979,18.0,student,single,secondary,no,1680.0,no,no,telephone,920,1.0,0,unknown,1.0
id_13479,53.0,retired,divorced,secondary,no,1680.0,no,no,cellular,802,1.0,9,other,1.0
id_9099,54.0,unemployed,married,secondary,no,1677.0,no,no,cellular,704,1.0,0,unknown,1.0
id_16857,58.0,entrepreneur,married,tertiary,no,1676.0,no,no,cellular,820,1.0,0,unknown,1.0
id_42072,54.0,self-employed,married,tertiary,no,1671.0,no,no,cellular,998,1.0,1,failure,1.0
id_20064,34.0,services,married,secondary,no,1670.0,no,no,cellular,893,1.0,2,failure,1.0
id_38481,29.0,management,single,tertiary,no,1670.0,no,no,cellular,810,1.0,0,unknown,1.0
id_9701,38.0,blue-collar,single,secondary,no,1667.0,yes,no,cellular,834,1.0,0,unknown,1.0
id_22228,56.0,blue-collar,married,primary,no,1662.0,no,no,cellular,802,5.0,0,unknown,1.0
id_12027,33.0,technician,married,secondary,no,1661.0,no,no,cellular,802,2.0,0,unknown,1.0
id_35973,56.0,unemployed,divorced,secondary,no,1660.0,no,no,cellular,873,3.0,0,unknown,1.0
id_23059,33.0,management,divorced,secondary,no,1652.0,yes,no,cellular,704,2.0,0,unknown,1.0
id_897,28.0,blue-collar,married,primary,no,1645.0,no,no,cellular,870,3.0,0,unknown,1.0
id_30528,37.0,technician,single,tertiary,no,1642.0,yes,no,cellular,993,1.0,2,failure,1.0
id_15001,38.0,housemaid,married,secondary,no,1640.0,yes,no,cellular,822,1.0,0,unknown,1.0
id_42520,53.0,services,divorced,secondary,no,1636.0,yes,no,unknown,893,1.0,0,unknown,1.0
id_26632,45.0,services,divorced,tertiary,no,1636.0,no,no,cellular,1014,1.0,0,unknown,1.0
id_36938,32.0,admin.,married,tertiary,no,1635.0,yes,yes,cellular,704,1.0,0,unknown,1.0
id_34158,30.0,management,single,secondary,no,1629.0,no,no,cellular,775,1.0,1,success,1.0
id_25785,39.0,management,divorced,tertiary,no,1626.0,yes,no,cellular,802,2.0,0,unknown,1.0
id_31862,40.575475409836066,unemployed,married,secondary,no,1626.0,no,no,telephone,913,1.0,0,unknown,1.0
id_11434,40.0,blue-collar,single,primary,no,1621.0,yes,no,unknown,892,1.0,0,unknown,1.0
id_37652,59.0,unemployed,married,secondary,no,1621.0,no,no,cellular,990,2.0,0,unknown,1.0
id_33718,67.0,retired,married,secondary,no,1620.0,no,no,cellular,726,2.0,0,unknown,1.0
id_39557,59.0,admin.,single,secondary,no,1619.0,yes,no,cellular,893,1.0,0,unknown,1.0
id_30429,43.0,blue-collar,married,secondary,no,1618.0,yes,no,cellular,929,1.0,0,unknown,1.0
id_41984,43.0,unemployed,married,primary,no,1617.0,no,no,telephone,992,1.0,0,unknown,1.0
id_14879,37.0,technician,married,secondary,no,1617.0,yes,no,cellular,898,1.0,11,other,1.0
id_14856,41.0,self-employed,single,tertiary,no,1617.0,no,no,telephone,998,1.0,7,success,1.0
id_9610,31.0,management,single,tertiary,no,1614.0,no,no,cellular,950,1.0,2,success,1.0
id_14953,72.0,management,married,tertiary,no,1613.0,no,no,cellular,831,2.0,0,unknown,1.0
id_1464,53.0,housemaid,divorced,tertiary,no,1611.0,no,no,cellular,810,1.0,0,unknown,1.0
id_9047,49.0,management,married,tertiary,no,1611.0,no,no,cellular,860,2.0,2,other,1.0
id_34882,80.0,retired,married,secondary,no,1608.0,no,no,cellular,802,1.0,0,unknown,1.0
id_39831,32.0,blue-collar,married,primary,no,1604.0,no,no,cellular,929,1.0,3,failure,1.0
id_23028,31.0,technician,married,secondary,no,1603.0,yes,no,cellular,837,1.0,1,failure,1.0
id_13157,36.0,blue-collar,married,primary,no,1601.0,no,no,unknown,859,1.0,0,unknown,1.0
id_29014,35.0,management,single,tertiary,no,1596.0,yes,yes,cellular,923,1.0,0,unknown,1.0
id_38862,52.0,management,married,tertiary,no,1596.0,no,yes,cellular,824,1.0,0,unknown,1.0
id_42349,48.0,unemployed,single,tertiary,no,1595.0,no,no,telephone,991,1.0,0,unknown,1.0
id_28738,18.0,student,single,primary,no,1593.0,no,no,cellular,881,2.0,0,unknown,1.0
id_36655,46.0,retired,married,primary,no,1588.0,no,no,cellular,814,4.0,0,unknown,1.0
id_42855,60.0,retired,married,primary,no,1584.0,no,no,cellular,747,1.0,0,unknown,1.0
id_32904,47.0,blue-collar,married,secondary,no,1581.0,yes,no,cellular,919,1.0,0,unknown,1.0
id_11564,56.0,retired,divorced,secondary,no,1579.0,no,yes,cellular,701,5.0,1,success,1.0
id_18687,30.0,management,single,tertiary,no,1576.0,no,no,cellular,998,1.0,0,unknown,1.0
id_20201,46.0,services,married,secondary,no,1572.0,no,no,cellular,809,1.0,0,unknown,1.0
id_4001,48.0,housemaid,divorced,secondary,no,1568.0,no,no,cellular,990,1.0,0,unknown,1.0
id_11799,38.0,unknown,single,tertiary,no,1568.0,no,no,cellular,844,2.0,0,unknown,1.0
id_34920,41.0,blue-collar,divorced,primary,no,1564.0,yes,no,cellular,892,2.0,1,failure,1.0
id_24756,46.0,blue-collar,married,secondary,no,1563.0,yes,no,cellular,976,1.0,7,success,1.0
id_40081,30.0,unemployed,single,secondary,no,1562.0,yes,no,cellular,990,1.0,0,unknown,1.0
id_28205,55.0,management,married,secondary,no,1555.0,yes,no,cellular,836,1.0,0,unknown,1.0
id_12795,50.0,services,married,secondary,no,1550.0,no,no,cellular,993,1.0,0,unknown,1.0
id_3681,35.0,services,married,secondary,no,1543.0,yes,no,cellular,884,1.0,6,failure,1.0
id_21684,42.0,blue-collar,married,secondary,no,1542.0,yes,yes,cellular,704,1.0,0,unknown,1.0
id_22115,38.0,blue-collar,single,primary,no,1541.0,no,yes,unknown,870,2.0,0,unknown,1.0
id_7313,50.0,blue-collar,divorced,primary,no,1540.0,yes,no,cellular,702,1.0,0,unknown,1.0
id_39385,30.0,student,married,secondary,no,1539.0,no,no,cellular,986,1.0,3,success,1.0
id_12664,57.0,blue-collar,married,secondary,no,1537.0,yes,no,cellular,705,1.0,0,unknown,1.0
id_42036,32.0,management,single,tertiary,no,1534.0,no,no,cellular,792,2.0,0,unknown,1.0
id_16159,37.0,blue-collar,single,primary,no,1534.0,yes,no,cellular,916,3.0,1,failure,1.0
id_29869,40.575475409836066,management,single,unknown,no,1533.0,yes,no,cellular,834,2.0,0,unknown,1.0
id_31739,44.0,blue-collar,married,primary,no,1533.0,no,yes,cellular,800,4.0,0,unknown,1.0
id_37850,32.0,services,divorced,secondary,no,1532.0,yes,no,telephone,704,1.0,0,unknown,1.0
id_12632,61.0,housemaid,married,tertiary,no,1532.0,no,no,cellular,922,1.0,0,unknown,1.0
id_35349,42.0,blue-collar,married,unknown,no,1531.0,yes,no,cellular,709,1.0,1,success,1.0
id_850,60.0,admin.,divorced,secondary,no,1529.0,no,no,telephone,816,2.0,0,unknown,1.0
id_44890,57.0,management,divorced,secondary,no,1528.0,yes,no,cellular,704,1.0,0,unknown,1.0
id_22871,42.0,unemployed,single,secondary,no,1525.0,yes,no,cellular,993,1.0,0,unknown,1.0
id_5535,52.0,technician,married,secondary,no,1522.0,no,yes,cellular,814,2.0,0,unknown,1.0
id_39079,19.0,student,single,secondary,no,1519.0,no,no,cellular,723,2.0,0,unknown,1.0
id_25032,38.0,management,single,tertiary,no,1516.0,no,yes,cellular,900,1.0,0,unknown,1.0
id_30606,42.0,blue-collar,divorced,primary,no,1515.0,yes,no,cellular,986,11.0,0,unknown,1.0
id_3541,29.0,admin.,single,secondary,no,1511.0,no,no,cellular,838,1.0,0,unknown,1.0
id_31835,40.0,technician,single,secondary,no,1511.0,no,yes,cellular,998,2.0,0,unknown,1.0
id_13427,43.0,admin.,divorced,tertiary,no,1508.0,no,no,cellular,817,4.0,0,unknown,1.0
id_9167,38.0,self-employed,married,tertiary,no,1494.0,yes,no,cellular,820,1.0,0,unknown,1.0
id_41406,64.0,retired,married,secondary,no,1494.0,no,no,cellular,740,1.0,2,success,1.0
id_18699,38.0,management,single,tertiary,no,1494.0,yes,no,cellular,888,1.0,4,failure,1.0
id_11559,42.0,blue-collar,married,secondary,no,1493.0,yes,no,cellular,752,1.0,1,failure,1.0
id_28805,36.0,management,married,tertiary,no,1483.0,yes,no,cellular,705,1.0,0,unknown,1.0
id_10164,46.0,blue-collar,divorced,secondary,no,1482.0,yes,no,unknown,891,1.0,0,unknown,1.0
id_29106,28.0,management,married,tertiary,no,1481.0,yes,no,cellular,888,1.0,0,unknown,1.0
id_36582,58.0,management,married,secondary,no,1474.0,no,no,cellular,802,2.0,0,unknown,1.0
id_31632,33.0,admin.,married,secondary,no,1474.0,no,no,cellular,891,2.0,0,unknown,1.0
id_32208,27.0,blue-collar,single,secondary,no,1468.0,no,no,cellular,888,2.0,0,unknown,1.0
id_15868,73.0,retired,married,secondary,no,1465.0,no,no,telephone,968,1.0,0,unknown,1.0
id_33947,33.0,technician,single,secondary,no,1462.0,yes,yes,cellular,899,1.0,0,unknown,1.0
id_6585,54.0,housemaid,married,primary,no,1461.0,no,yes,cellular,702,1.0,0,unknown,1.0
id_35111,25.0,unemployed,single,primary,no,1459.0,yes,no,telephone,997,1.0,0,unknown,1.0
id_19795,50.0,management,married,tertiary,no,1458.0,no,yes,cellular,859,2.0,0,unknown,1.0
id_31488,41.0,blue-collar,married,primary,no,1455.0,yes,no,cellular,993,2.0,2,other,1.0
id_1525,42.0,admin.,single,secondary,no,1455.0,yes,no,cellular,895,1.0,0,unknown,1.0
id_30633,44.0,blue-collar,married,primary,no,1454.0,yes,yes,cellular,810,2.0,0,unknown,1.0
id_27783,55.0,management,married,primary,no,1448.0,no,no,unknown,858,1.0,0,unknown,1.0
id_12967,40.0,housemaid,married,secondary,no,1440.0,no,no,cellular,703,1.0,8,success,1.0
id_16067,24.0,management,single,tertiary,no,1437.0,no,no,cellular,909,1.0,1,other,1.0
id_29224,34.0,unknown,married,secondary,no,1431.0,no,no,cellular,701,2.0,0,unknown,1.0
id_22593,32.0,technician,married,secondary,no,1431.0,yes,no,cellular,702,1.0,0,unknown,1.0
id_22226,69.0,retired,married,primary,no,1428.0,no,no,cellular,1015,2.0,3,failure,1.0
